ID,거리 이름,맵 이름,평균 레벨,맵 너비,맵 높이,맵 면적,수용량 배율,몹 수용량,스폰 지점 수,분당 경험치(수용량 기준),분당 경험치(스폰 지점 기준)
20000,메이플로드,달팽이동산,1,1400,535,749000,1.0,6,8,154,205
40000,메이플로드,작은숲속,1,1400,385,539000,1.0,6,8,154,205
50000,메이플로드,위험한숲속,1,1799,1525,2743475,1.6,24,17,437,437
1010000,메이플로드,모험가의 수련장 입구,2,1349,836,1127764,1.6,10,15,411,617
1010100,메이플로드,모험가의 수련장1,4,1400,925,1295000,1.6,10,15,514,771
1010200,메이플로드,모험가의 수련장2,4,1490,745,1110050,1.6,11,16,565,822
1010300,메이플로드,모험가의 수련장3,7,1333,780,1039740,1.6,9,15,925,1542
1010400,메이플로드,모험가의 수련장4,7,1349,780,1052220,1.6,10,13,1028,1337
3000300,코코섬,코코섬 해안가,1,1714,794,1360916,1.0,8,14,205,360
3000301,코코섬,불가사리 해안가 1,1,1714,665,1139810,1.0,8,14,205,360
3000302,코코섬,불가사리 해안가 2,1,1714,665,1139810,1.0,8,14,205,360
4000013,메이플로드,작은숲속,1,1400,390,546000,1.0,6,4,102,102
4000014,메이플로드,위험한숲속,1,1799,1525,2743475,1.6,24,17,437,437
4000021,메이플로드,모험가의 수련장 입구,2,1330,841,1118530,1.6,9,15,370,617
4000022,메이플로드,모험가의 수련장1,4,1400,925,1295000,1.6,10,15,514,771
4000023,메이플로드,모험가의 수련장2,4,1490,745,1110050,1.6,11,16,565,822
4000024,메이플로드,모험가의 수련장3,7,1333,780,1039740,1.6,9,15,925,1542
4000025,메이플로드,모험가의 수련장4,7,1349,780,1052220,1.6,10,13,1028,1337
100010000,헤네시스,헤네시스 북쪽언덕,10,2210,1200,2652000,1.499998,19,20,2768,2914
100010001,헤네시스,수상한 언덕,11,1670,1020,1703400,1.799998,14,20,2280,3257
100010100,헤네시스,꿈꾸는 오솔길,10,2480,1320,3273600,1.3,21,15,2185,2185
100020000,버섯노래숲,포자언덕,10,1940,1110,2153400,1.499998,15,28,2185,4080
100020100,버섯노래숲,콧노래 오솔길,11,1490,1230,1832700,1.2,10,21,1669,3505
100020101,버섯노래숲,머쉬맘의 오솔길,10,1850,960,1776000,1.8,15,20,2185,2914
100020200,버섯노래숲,바람꽃수풀,12,1580,1290,2038200,1.599998,16,24,3005,4508
100020300,버섯노래숲,파란버섯의 숲,14,2390,810,1935900,1.399998,15,29,3147,6085
100020301,버섯노래숲,블루머쉬맘의 숲,14,1490,990,1475100,0.9999982,6,18,1234,3702
100020400,버섯노래숲,파란버섯의 숲2,14,2390,1350,3226500,1.5,25,28,5311,5948
100020401,버섯노래숲,산들바람 숲,14,1400,1050,1470000,1.999998,13,16,2743,3377
100030103,유타네 집,뒷마당,7,1580,810,1279800,1.5,11,6,617,617
100030300,팜 스트리트,농장 중심지,8,1670,1230,2054100,1.0,10,8,891,891
100030310,팜 스트리트,큰 오솔길1,7,2390,1230,2939700,2.0,29,20,2057,2057
100030320,팜 스트리트,큰 오솔길2,10,2120,1290,2734800,1.0,13,27,2067,4294
100040000,골렘사원,골렘의 사원 입구,15,2210,1017,2247570,1.0,10,7,1560,1560
100040100,골렘사원,골렘의 사원1,16,1670,859,1434530,1.6,12,15,2880,3600
100040200,골렘사원,골렘의 사원2,18,1580,884,1396720,1.7,12,17,3908,5537
100040300,골렘사원,골렘의 사원3,19,1850,900,1665000,1.4,12,18,4011,6017
100040400,골렘사원,골렘의 사원4,17,1940,930,1804200,1.5,13,14,3342,3600
100051011,파르템,통통꽃이 피는 숲,13,2701,851,2298551,1.8,22,20,3942,3942
100051012,파르템,독독꽃이 피는 숲,15,2701,851,2298551,1.8,22,20,4457,4457
100051013,파르템,통통독독 숲,14,2701,851,2298551,1.8,22,20,4200,4200
100051021,파르템,향로 토끼의 영역,19,2701,851,2298551,1.8,22,20,5657,5657
100051022,파르템,토기 토끼의 영역,17,2701,851,2298551,1.8,22,20,5142,5142
100051025,파르템,위험한 토끼의 영역1,135,2660,851,2263660,1.8,22,28,1157451,1473120
100051026,파르템,위험한 토끼의 영역2,135,2660,851,2263660,1.8,22,30,1179231,1608042
100051027,파르템,위험한 토끼의 영역3,136,2660,921,2449860,1.8,22,26,1201011,1419377
100051031,파르템,나무 숲 벌레의 땅,21,2701,851,2298551,1.8,22,20,6342,6342
100051032,파르템,돌돌 숲 벌레의 땅,23,2701,851,2298551,1.8,22,20,6857,6857
100051033,파르템,숲 벌레의 땅 끝자락,22,2701,851,2298551,1.8,22,20,6600,6600
100051035,파르템,위험한 숲 벌레의 땅1,138,2660,851,2263660,1.8,22,26,1289074,1523451
100051036,파르템,위험한 숲 벌레의 땅2,138,2660,851,2263660,1.8,22,26,1315002,1554094
100051037,파르템,위험한 숲 벌레의 땅3,139,2660,1101,2928660,1.8,24,28,1462834,1706640
100051041,파르템,유적 수호자의 길 1,25,2770,802,2221540,2.1,27,22,8297,8297
100051042,파르템,유적 수호자의 길 2,27,2770,802,2221540,2.0,25,20,8571,8571
100051050,파르템,위험한 유적 수호자의 길1,140,2770,802,2221540,2.1,27,30,1701462,1890514
100051051,파르템,위험한 유적 수호자의 길2,140,2770,802,2221540,2.1,27,42,1726798,2686131
100051052,파르템,위험한 유적 수호자의 길3,141,2770,802,2221540,2.0,25,32,1627285,2082925
100051060,파르템,위험한 유적 수호자의 길4,142,2770,802,2221540,2.0,25,33,1679785,2217317
100051061,파르템,위험한 유적 수호자의 길5,142,2770,802,2221540,2.0,25,42,1710642,2873880
100051062,파르템,위험한 유적 수호자의 길6,143,2770,802,2221540,2.0,25,31,1741500,2159460
101010000,숲으로가는길,빛나는 숲의 통로,7,1276,1469,1874444,1.199998,12,17,1355,1920
101010100,숲으로가는길,숲이 시작하는 곳,8,1276,1828,2332528,1.199998,16,18,1851,2082
101020000,솟아오른나무,바람과 가까운 곳,7,1460,1455,2124300,1.499998,17,21,1748,2160
101020100,솟아오른나무,새들과 가까운 곳,10,1397,1988,2777236,1.599998,26,20,2914,2914
101020200,솟아오른나무,하늘과 가까운 곳,13,1553,1723,2675819,1.699998,26,13,3008,3008
101020300,솟아오른나무,솟아오른 나무 정상,15,1436,1698,2438328,1.199998,16,15,3985,3985
101020401,동쪽숲,바람이 불어오는 곳,20,3064,1693,5187352,1.799998,40,55,10285,14142
101020402,동쪽숲,새가 지저귀는 곳,20,2477,1188,2942676,1.799998,25,34,6428,8742
101020403,동쪽숲,해가 떠오르는 곳,21,2768,2008,5558144,1.799998,40,54,15085,20365
101020404,동쪽숲,숲이 노래하는 곳,21,2536,1218,3088848,1.499998,22,45,8297,16971
101020405,동쪽숲,나무가 춤추는 곳,26,1588,1337,2123156,1.799998,19,31,7654,12488
101020406,동쪽숲,흙이 잠자는 곳,27,1767,1680,2968560,1.799998,30,45,12857,19285
101020407,동쪽숲,하늘이 미소짓는 곳,28,2692,1437,3868404,1.799998,37,49,16808,22260
101030000,북쪽숲,거대한 나무,26,1380,2023,2791740,1.699998,28,13,5237,5237
101030100,북쪽숲,초록나무줄기,27,1577,1515,2389155,2.199998,28,11,4714,4714
101030101,북쪽숲,나무줄기둥지1,27,780,2392,1865760,0.5999981,7,18,3000,7714
101030200,북쪽숲,북쪽숲공터,28,1189,1124,1336436,2.299998,14,13,5905,5905
101030201,북쪽숲,나무줄기둥지2,28,780,1881,1467180,0.5999981,5,17,2271,7722
101030300,북쪽숲,어린 나무숲,29,1282,1323,1696086,1.799998,15,12,5760,5760
101030500,북쪽숲,숲이 끝나는 곳,29,1089,1984,2160576,1.999998,26,19,9120,9120
101050031,요정의 숲,엘프의 수련장1,10,1962,1226,2405412,2.0,23,20,2914,2914
101050032,요정의 숲,엘프의 수련장2,11,1962,1179,2313198,2.0,22,17,2768,2768
101050033,요정의 숲,엘프의 수련장3,13,1962,1154,2264148,2.2,23,20,3942,3942
101050200,요정의 숲,피어나는 숲1,7,2365,826,1953490,2.0,22,14,1440,1440
101050300,요정의 숲,피어나는 숲2,7,1566,965,1511190,1.9,13,14,1337,1440
101070100,한여름 밤의 숲,빛나는 호숫길1,30,1580,745,1177100,2.0,14,19,10320,14005
101070200,한여름 밤의 숲,빛나는 호숫길2,30,1760,850,1496000,2.0,16,25,12068,18857
101070300,한여름 밤의 숲,빛나는 호숫길3,31,2390,745,1780550,1.8,20,26,15600,20280
101071000,엘리넬 호수,호수 위 1,32,1566,712,1114992,1.8,13,18,10808,14965
101071100,엘리넬 호수,호수 위 2,32,2366,832,1968512,2.0,22,29,18291,24111
101071200,엘리넬 호수,호수 위 3,32,2363,772,1824236,2.0,22,30,18291,24942
101072200,요정학원 엘리넬,2층 서재,33,2204,731,1611124,1.7,17,21,15008,18540
101072300,요정학원 엘리넬,2층 복도,33,3328,731,2432768,1.5,23,28,20305,24720
101072600,요정학원 엘리넬,3층 서재,34,3327,731,2432037,1.8,28,32,25920,29622
101072700,요정학원 엘리넬,3층 복도,34,2024,731,1479544,1.6,15,15,13885,13885
101073000,만드라고라 밭,양파 재배지,35,2120,750,1590000,2.2,21,26,20520,25405
101073010,만드라고라 밭,외딴 숲 재배지 1,35,1400,600,840000,1.9,12,15,0,0
101073100,만드라고라 밭,순무 재배지,35,1580,745,1177100,2.2,16,22,15634,21497
101073110,만드라고라 밭,외딴 숲 재배지 2,35,1490,660,983400,1.8,12,15,0,0
101073300,만드라고라 밭,야외 연극 무대,38,1760,464,816640,1.0,8,1,0,0
101073310,만드라고라 밭,야외 연극 무대,30,1760,464,816640,1.0,8,1,0,0
101081000,엘로딘,숲이 침묵하는 곳,53,2120,754,1598480,1.0,9,30,16200,54000
101081100,엘로딘,지저귐이 잦아드는 곳,53,2120,754,1598480,1.0,9,25,16200,45000
101081200,엘로딘,빛이 사그러지는 곳,53,2120,754,1598480,1.0,9,28,16200,50400
101082100,루엔의 집,1층 복도,53,1960,813,1593480,2.7,24,29,43200,52200
101082200,루엔의 집,2층 다락방 1,53,1963,813,1595919,2.5,23,29,41400,52200
101082300,루엔의 집,2층 다락방 2,53,1961,813,1594293,2.7,24,29,43200,52200
101083000,엘로딘,깊어지는 숲 1,32,2123,754,1600742,1.0,9,28,7482,23280
101083100,엘로딘,깊어지는 숲 2,42,2120,754,1598480,1.0,9,27,11680,35040
101083200,엘로딘,깊어지는 숲 3,53,2120,754,1598480,1.0,9,31,16200,55800
101083300,엘로딘,깊어지는 숲 4,53,2120,754,1598480,1.0,9,24,16200,43200
101083400,엘로딘,깊어지는 숲 5,53,2120,754,1598480,1.0,9,23,16200,41400
101084100,엘로딘,빛이 흐르는 숲 2,53,2124,740,1571760,1.0,9,18,16200,32400
101084200,엘로딘,빛이 흐르는 숲 3,53,2124,754,1601496,1.0,9,26,16200,46800
101084300,엘로딘,빛이 흐르는 숲 4,53,2124,754,1601496,1.0,9,28,16200,50400
102010000,남쪽바위산,페리온 남쪽령,15,2480,1180,2926400,1.099998,15,17,3342,3788
102010100,남쪽바위산,돌무지 황야,13,2030,1434,2911020,0.5999981,9,24,1745,4654
102020000,북쪽바위산,페리온 북쪽령,20,2053,1385,2843405,1.799998,26,31,7800,9300
102020100,북쪽바위산,먼지바람 언덕,20,1760,1282,2256320,1.999998,22,24,6600,7200
102020200,북쪽바위산,작은 바위길,20,1491,1304,1944264,0.9999982,9,14,2947,4585
102020300,북쪽바위산,큰 바위길,21,1760,1601,2817760,1.799998,28,31,10714,11862
102020400,북쪽바위산,거친바위 지대,21,1940,1263,2450220,2.099998,25,29,9783,11348
102020500,북쪽바위산,돌풍지대,23,2480,1170,2901600,2.599998,36,42,15105,17622
102030000,불타버린땅,와일드보어의 땅,55,2660,1050,2793000,2.399998,29,38,46482,60908
102030100,불타버린땅,야생돼지의 땅,56,2480,1119,2775120,1.999998,25,29,42214,48968
102030200,불타버린땅,철갑돼지의 땅,57,2220,1309,2905980,1.299998,19,18,31782,31782
102030300,불타버린땅,타오르는 열기,57,2256,1204,2716224,1.499998,19,20,34354,36162
102030400,불타버린땅,재투성이 땅,58,2480,1045,2591600,2.599998,30,35,55285,64500
102040000,유적 발굴지,초기 발굴지역,60,1940,860,1668400,1.6,14,18,27960,35948
102040100,유적 발굴지,발굴 완료지역,61,1940,908,1761520,1.7,15,21,31500,44100
102040300,유적 발굴지,발굴 중단지역,62,1580,860,1358800,2.799999,20,28,43885,61440
102040301,유적 발굴지,제1군영,62,830,1677,1391910,2.5,19,21,41691,46080
102040400,유적 발굴지,발굴 위험지역,63,1580,1477,2333660,2.0,25,28,57000,63840
102040401,유적 발굴지,제2군영,63,830,1555,1290650,2.0,14,18,31920,41040
102040500,유적 발굴지,폐쇄지역,64,1940,1624,3150560,1.6,28,28,66720,66720
102040501,유적 발굴지,제3군영,64,1012,1985,2008820,1.7,20,22,47657,52422
102040600,유적 발굴지,미접근 지역,65,1783,1230,2193090,1.7,18,19,44588,47065
103010000,공사장,추락주의,10,2570,1603,4119710,2.0,40,32,4662,4662
103010100,공사장,방치된 공사장,10,2750,1219,3352250,0.4999999,8,18,1165,2622
103020100,커닝시티지하철,선로를 따라서,43,1920,688,1320960,1.1,9,23,9797,25037
103020200,커닝시티지하철,환승구역,43,1380,1588,2191440,1.0,12,43,13282,47597
103020300,커닝시티지하철,1호선 1구간,44,2370,688,1630560,1.5,16,44,17965,49405
103020310,커닝시티지하철,1호선 2구간,44,2460,688,1692480,1.0,11,76,12432,85894
103020320,커닝시티지하철,1호선 3구간,45,2370,688,1630560,1.1,12,37,13782,42497
103020400,커닝시티지하철,2호선 1구간,44,2190,688,1506720,1.2,12,50,13474,56142
103020410,커닝시티지하철,2호선 2구간,45,2640,688,1816320,2.0,24,45,27565,51685
103020420,커닝시티지하철,2호선 3구간,45,3270,688,2249760,1.5,22,64,25268,73508
103030000,늪지대,방황의 늪,45,2030,805,1634150,2.6,24,27,27565,31011
103030100,늪지대,야생 악어의 늪,46,3110,1228,3819080,1.8,34,31,36934,36934
103030200,늪지대,위험한 크로코,47,3290,1040,3421600,1.7,26,29,31868,35545
103030300,늪지대,보이지 않는 위험,49,3650,1113,4062450,1.8,34,37,44232,46829
103030400,늪지대,깊은 수렁,50,3236,1165,3769940,2.0,36,34,45462,45462
103041100,커닝타워,지하 1층 전자 매장 <1>,146,2603,760,1978280,1.8,21,16,1224411,1224411
103041105,커닝타워,지하 1층 전자 매장 <2>,146,2603,760,1978280,2.0,24,25,1836617,1913142
103041107,커닝타워,지하 1층 전자 매장 <3>,146,2603,760,1978280,2.0,24,25,1836617,1913142
103041110,커닝타워,2층 카페 <1>,147,2603,760,1978280,2.0,24,22,1741920,1741920
103041115,커닝타워,2층 카페 <2>,147,2604,760,1979040,2.4,29,31,2343451,2505068
103041117,커닝타워,2층 카페 <3>,148,2604,760,1979040,2.4,29,31,2360065,2522828
103041119,커닝타워,2층 카페 <4>,155,2603,760,1978280,2.4,29,24,7606285,7606285
103041120,커닝타워,3층 팬시샵 <1>,150,2578,760,1959280,1.8,21,20,1717542,1717542
103041125,커닝타워,3층 팬시샵 <2>,150,2604,760,1979040,2.0,24,29,2091355,2527054
103041127,커닝타워,3층 팬시샵 <3>,151,2604,760,1979040,2.0,24,28,2115977,2468640
103041129,커닝타워,3층 팬시샵 <4>,157,2606,760,1980560,2.4,29,28,9634320,9634320
103041130,커닝타워,4층 음반 매장 <1>,152,2833,760,2153080,1.8,23,19,1760648,1760648
103041135,커닝타워,4층 음반 매장 <2>,152,2604,760,1979040,1.8,21,22,1993401,2088325
103041137,커닝타워,4층 음반 매장 <3>,153,2604,760,1979040,1.8,21,22,2032920,2129725
103041139,커닝타워,4층 음반 매장 <4>,159,2603,760,1978280,1.9,23,23,8553240,8553240
103041140,커닝타워,5층 화장품 매장 <1>,154,2579,760,1960040,1.8,21,22,2129760,2231177
103041145,커닝타워,5층 화장품 매장 <2>,154,2534,760,1925840,1.8,21,20,2070600,2070600
103041147,커닝타워,5층 화장품 매장 <3>,155,2534,760,1925840,1.8,21,20,2112857,2112857
103041149,커닝타워,5층 화장품 매장 <4>,161,2534,820,2077880,1.8,21,19,7604125,7604125
103041150,커닝타워,6층 헤어샵 <1>,155,2581,760,1961560,1.8,21,20,2112857,2112857
103041155,커닝타워,6층 헤어샵 <2>,155,2604,760,1979040,1.8,21,25,2218500,2641071
103041157,커닝타워,6층 헤어샵 <3>,155,2604,760,1979040,1.8,21,25,2218500,2641071
103041159,커닝타워,6층 헤어샵 <4>,162,2604,874,2275896,1.9,23,27,9556302,11218268
103041165,커닝스퀘어,7층 8층 A구역,145,2535,621,1574235,2.0,23,22,1627560,1627560
103041167,커닝스퀘어,7층 8층 B구역,145,2535,621,1574235,2.0,23,22,1627560,1627560
103041170,커닝타워,2층 카페 <5>,155,2435,760,1850600,2.4,27,24,7606285,7606285
103041171,커닝타워,3층 팬시샵 <5>,157,2438,760,1852880,2.4,27,28,9290237,9634320
103041172,커닝타워,4층 음반 매장 <5>,159,2415,760,1835400,1.9,21,23,7809480,8553240
103041173,커닝타워,5층 화장품 매장 <5>,161,2367,760,1798920,1.8,19,19,7604125,7604125
103041174,커닝타워,6층 헤어샵 <5>,162,2436,760,1851360,1.9,21,27,8725320,11218268
103050310,빅토리아로드,수련장1,20,2970,617,1832490,1.3,18,21,5400,6300
103050340,빅토리아로드,수련장2,25,2970,616,1829520,1.3,18,21,6788,7920
103050370,빅토리아로드,수련장3,30,2970,617,1832490,1.3,18,20,9257,10285
103050911,빅토리아로드,수련실1,1,2368,617,1461056,1.8,19,21,488,540
103050912,빅토리아로드,수련실2,2,2369,617,1461673,1.8,19,20,651,685
103050913,빅토리아로드,수련실3,4,2368,617,1461056,1.8,19,14,720,720
104010000,포트로드,리스항구 외곽,1,2840,745,2115800,1.2,15,14,420,420
104010100,포트로드,오솔길1,3,2390,745,1780550,1.0,11,17,554,857
104010200,포트로드,오솔길2,4,2030,925,1877750,1.7,16,16,968,968
104020000,포트로드,여섯갈래길,3,2480,1685,4178800,1.0,23,13,757,757
105010000,습지,조용한 습지,66,1580,1490,2354200,1.699998,21,23,54360,59537
105010100,습지,축축한 습지,66,2120,730,1547600,2.299998,22,21,54360,54360
105010300,어두운 동굴,개미굴1,65,3350,2672,8951200,0.7999982,40,50,99085,123857
105010301,어두운 동굴,개미굴2,65,3440,2025,6966000,1.0,40,97,99085,240282
105020000,드레이크의 동굴,빛이 들지 않는 곳,67,1670,855,1427850,2.699998,21,23,56880,62297
105020100,드레이크의 동굴,동굴 낭떠러지,68,1407,1483,2086581,1.6,18,28,50760,78960
105020200,드레이크의 동굴,차가운 바람,68,1851,1275,2360025,1.7,20,25,56400,70500
105020300,드레이크의 동굴,서늘한 동굴,68,1940,1095,2124300,1.6,15,26,42300,73320
105020400,드레이크의 동굴,동굴의 출구,69,1672,1090,1822480,1.7,14,21,41040,61560
105020401,히든스트리트,동굴의 끝,69,1670,845,1411150,1.7,13,15,38108,43971
105030100,저주받은신전,신전의 입구,69,2124,774,1643976,1.3,12,8,23451,23451
105030101,히든스트리트,고요한 정적1,69,2124,774,1643976,1.3,12,10,29314,29314
105030102,히든스트리트,고요한 정적2,69,2122,774,1642428,1.3,12,11,32245,32245
105030200,저주받은신전,무너진 신전,70,1942,917,1780814,1.3,11,8,24342,24342
105030300,저주받은신전,끝없는 복도,70,2032,819,1664208,1.2,11,9,21715,21715
105030400,저주받은신전,음산한 신전,70,2032,948,1926336,1.3,12,10,30428,30428
105030500,저주받은신전,금지된 제단,70,1492,820,1223440,1.3,9,8,24342,24342
105200100,루타비스,동쪽정원,110,3197,394,1259618,1.3,19,15,0,0
105200200,루타비스,서쪽정원,110,3199,325,1039675,1.0,14,16,0,0
105200300,루타비스,남쪽정원,110,3199,330,1055670,1.0,14,15,0,0
105200400,루타비스,북쪽정원,120,3191,330,1053030,1.0,14,15,0,0
105200500,루타비스,동쪽정원 <카오스>,180,3197,394,1259618,1.3,19,15,0,0
105200600,루타비스,서쪽정원 <카오스>,180,3199,325,1039675,1.0,14,15,0,0
105200700,루타비스,남쪽정원 <카오스>,180,3199,330,1055670,1.0,14,15,0,0
105200800,루타비스,북쪽정원 <카오스>,190,3191,330,1053030,1.0,14,15,0,0
105200900,루타비스,방치된 정원,168,3191,330,1053030,1.4,20,26,3397846,4417200
105201000,루타비스,동쪽정원 <카오스>,101,1578,393,620154,0.3999999,2,2,0,0
105201100,루타비스,서쪽정원 <카오스>,101,2119,325,688675,0.2999999,2,2,0,0
105201200,루타비스,남쪽정원 <카오스>,101,2119,330,699270,0.2999999,2,2,0,0
105201300,루타비스,북쪽정원 <카오스>,101,1579,330,521070,0.3999999,2,2,0,0
105300100,타락한 세계수,하단 줄기로 향하는 길,210,1962,1668,3272616,1.4,26,19,13980951,13980951
105300101,타락한 세계수,하단 왼쪽 줄기,210,2707,1033,2796331,1.7,21,21,15305220,15305220
105300102,타락한 세계수,하단 줄기 갈림길,210,1965,1706,3352290,1.5,28,29,20680601,21419194
105300103,타락한 세계수,하단 오른쪽 줄기,211,2709,960,2600640,1.7,21,21,15655320,15655320
105300200,타락한 세계수,중하단 왼쪽 줄기3,212,1960,1730,3390800,1.4,27,23,17814059,17814059
105300201,타락한 세계수,중하단 왼쪽 줄기2,212,1961,1923,3771003,1.5,33,27,20870940,20870940
105300202,타락한 세계수,중하단 왼쪽 줄기1,212,1960,1729,3388840,1.6,31,25,19376357,19376357
105300203,타락한 세계수,중하단 줄기 갈림길,212,960,1610,1545600,2.3,20,20,15453685,15453685
105300204,타락한 세계수,중하단 오른쪽 줄기1,212,1960,1729,3388840,1.5,29,25,19376357,19376357
105300205,타락한 세계수,중하단 오른쪽 줄기2,212,1961,1923,3771003,1.3,29,26,20089791,20089791
105300206,타락한 세계수,중하단 오른쪽 줄기3,212,1960,1730,3390800,1.5,29,24,18612137,18612137
105300207,타락한 세계수,중상단 왼쪽 줄기2,214,1964,1360,2671040,1.8,25,20,16194514,16194514
105300208,타락한 세계수,중상단 왼쪽 줄기1,214,1950,1563,3047850,1.6,27,27,21801291,21801291
105300209,타락한 세계수,상단 줄기로 향하는 길,214,1958,1529,2993782,1.7,28,24,19387440,19387440
105300210,타락한 세계수,중상단 오른쪽 줄기1,214,1966,1548,3043368,1.8,30,29,23474382,23474382
105300211,타락한 세계수,중상단 오른쪽 줄기2,214,1970,1395,2748150,1.6,23,22,17829291,17829291
105300300,타락한 세계수,상단 왼쪽 줄기,217,1960,1292,2532320,2.0,25,25,21778765,21778765
105300301,타락한 세계수,상단 줄기 갈림길,217,1963,1074,2108262,2.7,25,24,20899920,20899920
105300302,타락한 세계수,상단 오른쪽 줄기,217,1963,1320,2591160,1.9,25,25,21704022,21704022
106030200,버섯의 성,성 복도1,60,3294,510,1679940,1.2,18,13,25962,25962
106030201,버섯의 성,성 복도2,61,3294,510,1679940,1.2,18,13,27300,27300
106030300,버섯의 성,성벽 위1,62,3035,697,2115395,1.2,17,12,26331,26331
106030301,버섯의 성,성벽 위2,62,2777,827,2296579,1.6,20,18,39497,39497
106030302,버섯의 성,성벽 위3,62,2777,827,2296579,1.4,18,16,35108,35108
106030400,버섯의 성,마천루1,63,2210,987,2181270,1.6,16,17,36480,38760
106030401,버섯의 성,마천루2,63,2629,857,2253053,1.4,17,15,34200,34200
106030402,버섯의 성,마천루3,63,2404,978,2351112,1.4,15,15,34200,34200
106030500,바이킹 비행선,갑판1,64,2058,853,1755474,1.3,12,12,28594,28594
106030501,바이킹 비행선,갑판2,64,2058,853,1755474,1.4,13,12,28594,28594
106030502,바이킹 비행선,돛,64,918,1386,1272348,1.8,12,16,28594,38125
106030700,바이킹 비행선,노예실,65,2957,515,1522855,1.3,18,11,27248,27248
106031200,버섯의 성,성 후문,0,1529,330,504570,1.6,11,9,0,0
106031201,버섯의 성,성 후문,0,1529,330,504570,1.6,11,9,0,0
106031202,버섯의 성,성 후문,0,1529,330,504570,1.6,11,9,0,0
106031203,버섯의 성,성 후문,0,1529,330,504570,1.6,11,9,0,0
106031204,버섯의 성,성 후문,0,1529,330,504570,1.6,11,9,0,0
109010200,히든스트리트,남쪽필드,0,1836,3210,5893560,1.0,39,6,0,0
109010201,히든스트리트,남쪽비밀장소,0,2376,990,2352240,1.0,11,1,0,0
109010202,히든스트리트,남쪽비밀장소,0,1476,1410,2081160,1.0,11,7,0,0
109010203,히든스트리트,남쪽비밀장소,0,1476,1410,2081160,1.0,11,1,0,0
109040001,히든스트리트,고지를향해서<1단계>,0,1826,2537,4632562,1.0,29,14,0,0
109040004,히든스트리트,고지를향해서<4단계>,0,2100,2641,5546100,1.0,35,16,0,0
109080001,히든스트리트,코코넛 시즌,0,2364,2779,6569556,1.2,40,3,0,0
109080002,히든스트리트,코코넛 시즌,0,2364,2779,6569556,1.2,40,4,0,0
120000400,해안가,리본돼지 해안가,11,1960,777,1522920,1.499998,13,19,2210,3231
120010000,방목지,돼지 방목장,8,2088,811,1693368,1.0,9,14,1063,1654
120010100,방목지,해안으로 가는 길,8,1940,1110,2153400,1.0,10,16,1216,1945
120040100,골드비치,해변가 풀숲1,35,2361,584,1378824,1.9,21,11,8957,8957
120040200,골드비치,해변가 풀숲2,35,2361,586,1383546,2.0,22,16,13028,13028
120040300,골드비치,해변가 풀숲3,35,2361,591,1395351,2.0,22,16,13028,13028
120041000,골드비치,골드비치 해변1,36,2361,586,1383546,1.8,19,14,12000,12000
120041100,골드비치,골드비치 해변2,36,2361,586,1383546,2.0,22,17,14571,14571
120041200,골드비치,골드비치 해변3,37,2361,586,1383546,2.2,24,17,15008,15008
120041300,골드비치,얕은 바다1,38,2361,601,1418961,2.0,22,15,13757,13757
120041400,골드비치,얕은 바다2,38,2361,601,1418961,2.0,22,14,12840,12840
120041500,골드비치,얕은 바다3,39,2361,601,1418961,1.7,18,17,16320,16320
120041600,골드비치,약한 파도1,40,2361,601,1418961,2.5,27,17,16757,16757
120041700,골드비치,약한 파도2,41,2361,601,1418961,2.1,23,18,18360,18360
120041800,골드비치,거친 파도,42,2390,580,1386200,1.9,21,14,14880,14880
120041900,골드비치,수상한 바다,0,1380,603,832140,1.9,12,1,0,0
130010000,퀸스로드,수련의 숲1,1,1940,1170,2269800,1.0,10,15,325,488
130010010,퀸스로드,티노의 숲,1,1670,930,1553100,2.0,15,10,257,257
130010020,퀸스로드,티브의 숲,3,1400,930,1302000,2.0,13,13,557,557
130010100,퀸스로드,수련의 숲2,5,2030,1119,2271570,1.0,10,20,788,1577
130010110,퀸스로드,티무의 숲,5,1670,1123,1875410,2.0,17,14,960,960
130010120,퀸스로드,티루의 숲,7,1580,990,1564200,2.0,14,15,1440,1542
130010200,퀸스로드,수련의 숲3,9,2120,930,1971600,1.0,9,8,1028,1028
130010210,퀸스로드,티구르의 숲,9,1670,930,1553100,2.0,15,11,1414,1414
130030002,퀸스로드,시작의 숲3,1,1490,870,1296300,1.0,6,4,102,102
130030003,퀸스로드,시작의 숲4,3,1580,870,1374600,1.0,7,5,214,214
130030004,퀸스로드,시작의 숲5,2,1670,870,1452900,1.0,7,4,154,154
140010100,스노우 아일랜드,리엔 수련장 입구,1,1760,771,1356960,1.0,8,3,77,77
140010200,스노우 아일랜드,얼음 벌판,9,1760,1191,2096160,1.0,10,13,1285,1671
140020000,스노우 아일랜드,눈 덮인 벌판1,3,1580,1161,1834380,1.5,13,21,557,900
140020100,스노우 아일랜드,눈 덮인 벌판2,5,1580,1170,1848600,1.5,13,12,822,822
140020200,스노우 아일랜드,눈 덮인 벌판3,7,1580,1230,1943400,1.5,14,18,1440,1851
140090012,스노우 아일랜드,차가운 숲3,1,1580,570,900600,1.0,7,4,102,102
140090300,스노우 아일랜드,차가운 숲3,1,1580,570,900600,1.0,7,4,102,102
141010100,리에나 해협,화석 출몰 지역 1,51,1670,805,1344350,1.7,13,15,21617,24942
141010200,리에나 해협,화석 출몰 지역 2,51,1670,925,1544750,1.7,13,15,21617,24942
141010300,리에나 해협,화석 출몰 지역 3,51,1670,805,1344350,1.7,13,15,21617,24942
141010400,리에나 해협,길 잃은 노라,51,1580,685,1082300,2.0,14,15,0,0
141020100,리에나 해협,빙하 오염 지역 1,52,1760,805,1416800,2.0,16,16,27702,27702
141020200,리에나 해협,빙하 오염 지역 2,52,1760,805,1416800,2.2,18,12,20777,20777
141020300,리에나 해협,빙하 오염 지역 3,52,1850,985,1822250,2.0,17,16,27702,27702
141030100,리에나 해협,수상한 해저 동굴 1,53,2096,330,691680,1.3,12,15,21600,27000
141030200,리에나 해협,수상한 해저 동굴 2,53,2096,330,691680,1.3,12,11,19800,19800
141030300,리에나 해협,수상한 해저 동굴 3,53,2092,330,690360,1.3,12,10,18000,18000
141050100,리에나 해협,빙하가 녹는 곳,54,2210,750,1657500,1.9,19,14,26040,26040
141050200,리에나 해협,빙하가 부서지는 곳,54,2660,915,2433900,2.2,27,19,35340,35340
141050300,리에나 해협,빙하 수송선,55,1580,330,521400,1.0,7,1,0,0
150010411,크리스탈 가든,수련장1,10,2771,552,1529592,1.8,23,19,2768,2768
150010412,크리스탈 가든,수련장2,15,2772,579,1604988,2.0,25,19,4234,4234
160080000,라무라무 계곡,가디언 엔젤 슬라임의 제단 <노멀>,101,2070,330,683100,0.2999999,2,2,0,0
160080100,라무라무 계곡,가디언 엔젤 슬라임의 제단 <카오스>,101,2070,330,683100,0.2999999,2,2,0,0
180000101,빅토리아로드,엘리니아,10,1566,1765,2763990,2.999999,40,6,874,874
180000107,빅토리아로드,엘리니아,110,1566,1765,2763990,2.999999,40,4,104880,104880
180000108,빅토리아로드,엘리니아,211,1566,1765,2763990,2.999999,40,4,8704174,8704174
190000000,프리미엄로드,또다른사원,10,1928,1170,2255760,1.2,13,34,2005,5245
190000001,프리미엄로드,숨쉬는사원1,14,1568,1140,1787520,1.0,8,18,1699,3822
190000002,프리미엄로드,숨쉬는사원2,14,2108,832,1753856,1.1,10,21,2114,4440
191000000,프리미엄로드,원숭이의숲,27,1816,2788,5063008,1.1,36,78,18894,40937
191000001,프리미엄로드,나무던전,10,780,2355,1836900,0.9999982,11,57,1652,8562
192000000,프리미엄로드,메마른바위산,41,2976,1140,3392640,1.099998,17,45,18881,49980
192000001,프리미엄로드,메마른바위산2,47,2616,1140,2982240,1.199998,16,48,21794,65382
195000000,프리미엄로드,위험한개미굴,37,2720,2745,7466400,1.0,40,76,50724,96377
195010000,프리미엄로드,이블아이의굴,26,1756,2295,4030020,0.5999981,15,32,6042,12891
195020000,프리미엄로드,빛을잃은동굴,42,3016,2444,7371104,1.1,40,70,51663,90411
195030000,프리미엄로드,카고사냥터,45,1816,991,1799656,1.1,9,28,13643,42445
196000000,프리미엄로드,싸늘한 언덕,50,2470,1181,2917070,1.0,14,23,16170,26599
196010000,프리미엄로드,싸늘한 절벽,80,945,1950,1842750,0.8,8,16,51000,102000
197000000,프리미엄로드,바람테라스1,97,2390,492,1175880,1.1,12,32,168859,450291
197010000,프리미엄로드,바람테라스2,112,2210,447,987870,1.1,11,30,270694,738257
200010000,스카이로드,구름공원1,72,1840,2010,3698400,1.3,29,28,100208,100208
200010100,스카이로드,세가지빛정원으로가는길,70,1840,1488,2737920,0.9,13,21,39557,63900
200010110,스카이로드,붉은빛의정원1,70,1660,1548,2569680,1.8,25,22,66942,66942
200010111,스카이로드,붉은빛의정원2,71,3370,1423,4795510,2.5,40,52,130971,170262
200010120,스카이로드,노란빛의정원1,70,1660,1472,2443520,1.7,22,22,66942,66942
200010121,스카이로드,노란빛의정원2,71,3370,1285,4330450,2.5,40,66,130971,216102
200010130,스카이로드,푸른빛의정원1,70,1660,1472,2443520,1.7,22,23,66942,69985
200010131,스카이로드,푸른빛의정원2,71,3730,1285,4793050,2.5,40,66,130971,216102
200010200,스카이로드,하늘계단1,71,1840,1993,3667120,1.5,33,28,91680,91680
200010300,스카이로드,하늘계단2,73,1480,1516,2243680,0.4999999,6,8,22268,29691
200010301,스카이로드,검은빛의정원1,72,2560,1525,3904000,2.5,40,48,139885,167862
200010302,스카이로드,검은빛의정원2,73,1390,2725,3787750,2.5,40,54,148457,200417
200020000,스카이로드,구름공원2,74,3280,1285,4214800,2.5,40,60,157028,235542
200030000,스카이로드,산책로,75,2650,1119,2965350,1.2,16,22,36499,36499
200040000,스카이로드,구름공원3,74,2290,2148,4918920,1.7,40,29,113845,113845
200040001,스카이로드,버려진화원,75,2290,1110,2541900,1.5,17,30,70525,124457
200050000,스카이로드,구름공원4,74,1930,2028,3914040,1.9,40,36,141325,141325
200060000,스카이로드,산책로2,75,4090,1213,4961170,2.5,40,58,165942,211889
200060001,히든스트리트,인적 드문 산책로,0,1226,1473,1805898,1.5,14,7,0,0
200070000,스카이로드,구름공원5,74,3820,2383,9103060,2.5,40,72,157028,282651
200080000,스카이로드,구름공원6,74,2200,1848,4065600,1.8,40,28,109920,109920
200080200,오르비스탑,오르비스탑<20층>,76,490,2057,1007930,1.5,15,20,68785,91714
200080300,오르비스탑,오르비스탑<19층>,76,490,2167,1061830,1.4,15,25,68785,114642
200080400,오르비스탑,오르비스탑<18층>,76,490,1677,821730,1.4,10,21,45857,96300
200080500,오르비스탑,오르비스탑<17층>,76,490,1725,845250,1.5,11,28,50442,128400
200080600,오르비스탑,오르비스탑<16층>,76,490,2097,1027530,2.0,20,16,73371,73371
200081400,오르비스탑,오르비스탑<8층>,76,490,1977,968730,1.0,9,27,41271,123814
200081500,오르비스탑,오르비스탑<7층>,76,490,1917,939330,1.3,11,33,50442,151328
200081600,오르비스탑,오르비스탑<6층>,77,490,1617,792330,1.5,10,29,50057,145165
200081700,오르비스탑,오르비스탑<5층>,77,490,2217,1086330,1.3,14,32,70080,160182
200081800,오르비스탑,오르비스탑<4층>,77,490,2097,1027530,1.3,13,28,65074,140160
200081900,오르비스탑,오르비스탑<3층>,77,490,2168,1062320,1.3,13,34,65074,170194
200082000,오르비스탑,오르비스탑<2층>,77,490,2045,1002050,1.0,9,30,45051,150171
200082100,오르비스탑,오르비스탑<1층>,77,490,2387,1169630,1.6,19,30,95108,150171
200082300,오르비스탑,오르비스탑<지하2층>,78,490,2422,1186780,1.0,12,19,65314,103414
211000200,엘나스산맥,눈 덮인 언덕,77,3470,865,3001550,1.2,19,28,95108,140160
211010000,엘나스산맥,빙판조심1,78,2930,930,2724900,1.2,16,14,76200,76200
211020000,엘나스산맥,빙판조심2,78,3110,840,2612400,1.2,17,20,92528,108857
211030000,엘나스산맥,차가운벌판1,79,3110,996,3097560,1.3,18,27,105531,158297
211040000,엘나스산맥,차가운벌판2,79,3110,1001,3113110,1.2,17,21,99668,123120
211040001,히든스트리트,왕관을휘날리며,79,1850,1165,2155250,1.2,12,22,70354,128982
211040100,엘나스산맥,얼음골짜기1,80,1040,1935,2012400,1.7,20,18,116228,116228
211040101,히든스트리트,설인의 골짜기,117,1040,1269,1319760,1.7,11,10,286200,286200
211040200,엘나스산맥,얼음골짜기2,81,1037,2434,2524058,1.4,22,12,80228,80228
211040300,폐광,날카로운절벽1,117,1040,2346,2439840,1.5,23,16,343440,343440
211040400,폐광,날카로운절벽2,119,1040,1992,2071680,1.5,18,16,361028,361028
211040500,폐광,날카로운절벽3,120,1040,2123,2207920,1.4,19,14,649440,649440
211040600,폐광,날카로운절벽4,121,1041,2315,2409915,1.4,21,16,762788,762788
211040700,폐광,위험한절벽,122,1040,2232,2321280,1.4,20,12,391680,391680
211040800,폐광,늑대의영역1,122,1040,2300,2392000,1.4,21,16,522240,522240
211040900,폐광,늑대의영역2,123,1040,2256,2346240,1.4,20,13,435685,435685
211041000,폐광,늑대의영역3,123,1040,2253,2343120,1.4,20,12,402171,402171
211041100,폐광,죽은나무의숲1,124,4010,925,3709250,0.8,15,26,515828,894102
211041200,폐광,죽은나무의숲2,124,3110,810,2519100,1.5,21,24,722160,825325
211041300,폐광,죽은나무의숲3,124,2570,775,1991750,0.8,9,18,309497,618994
211041400,폐광,죽은나무의숲4,124,2750,805,2213750,1.2,15,25,515828,859714
211041500,폐광,폐광1,132,1760,1350,2376000,2.1,25,29,3492000,4050720
211041600,폐광,폐광2,132,1760,1405,2472800,2.1,27,38,3771360,5307840
211041700,폐광,폐광3,132,1670,1525,2546750,2.1,29,36,4050720,5028480
211041800,폐광,폐광4,132,1580,1585,2504300,2.1,29,35,4050720,4888800
211041900,폐광,통로,122,1400,4237,5931800,0.4999999,20,15,408085,408085
211042000,폐광,시련의 동굴1,132,3007,555,1668885,2.899999,40,30,4190400,4190400
211042100,폐광,시련의 동굴2,134,3410,595,2028950,2.599999,40,26,3963702,3963702
211042101,폐광,동굴 속 동굴,51,3800,555,2109000,0.8,14,15,19440,20828
211042200,폐광,시련의 동굴3,136,5150,555,2858250,1.7,40,41,6550971,6714745
211042500,폐광,자쿰의 제단 입구 <카오스>,101,1310,458,599980,0.8,4,2,0,0
211050000,엘나스산맥,차디찬벌판,80,2750,1001,2752750,1.4,18,23,112937,144308
211060100,사자왕의 성,성벽 아래1,115,1940,810,1571400,1.8,16,13,292388,292388
211060201,사자왕의 성,첫번째 탑루,115,1700,330,561000,1.0,7,5,0,0
211060300,사자왕의 성,성벽 아래2,118,2030,810,1644300,1.8,17,13,317014,317014
211060401,사자왕의 성,두번째 탑루,117,1700,330,561000,1.0,7,6,0,0
211060410,사자왕의 성,낮은 성벽1,125,2030,660,1339800,1.7,16,13,382088,382088
211060500,사자왕의 성,성벽 아래3,120,2030,810,1644300,1.4,13,14,335065,360840
211060601,사자왕의 성,세번째 탑루,117,1700,330,561000,1.0,7,7,0,0
211060610,사자왕의 성,낮은 성벽2,125,2057,690,1419330,1.4,13,12,352697,352697
211060620,사자왕의 성,높은 성벽1,127,2030,750,1522500,1.5,14,9,280182,280182
211060700,사자왕의 성,성벽 아래4,122,2030,810,1644300,1.6,15,15,408085,408085
211060810,사자왕의 성,낮은 성벽3,125,2030,870,1766100,1.4,13,11,323305,323305
211060820,사자왕의 성,높은 성벽2,127,2030,810,1644300,1.5,14,10,311314,311314
211060830,사자왕의 성,아주 높은 성벽,127,2057,840,1727880,1.5,14,10,311314,311314
211060900,사자왕의 성,성벽 아래5,122,2030,810,1644300,1.3,12,13,326468,353674
211061200,사자왕의 성,성벽 위1,127,2030,330,669900,1.5,14,3,93394,93394
211061210,사자왕의 성,성벽 위2,127,2030,330,669900,1.5,14,3,93394,93394
211080100,장미정원,버려진 정원,128,3470,735,2550450,1.2,19,19,619834,619834
211080200,장미정원,영혼이 묶인 곳,130,3470,735,2550450,1.2,19,21,677974,749340
211080300,장미정원,성벽의 끝자락,132,3470,735,2550450,1.2,19,21,737254,814860
211080400,장미정원,숨겨진 정원1,130,3470,735,2550450,1.2,19,19,2440902,2440902
211080500,장미정원,숨겨진 정원2,132,3470,735,2550450,1.2,19,21,2653920,2933280
211080600,장미정원,숨겨진 정원3,134,3470,735,2550450,1.2,19,21,2887945,3191940
220010000,루디브리엄성,구름테라스<5>,113,1850,472,873200,1.7,14,9,228574,228574
220010100,루디브리엄성,구름테라스<4>,112,1850,472,873200,1.6,13,13,319911,319911
220010200,루디브리엄성,구름테라스<3>,113,1670,472,788240,1.6,12,11,279368,279368
220010300,루디브리엄성,구름테라스<2>,112,1760,472,830720,1.6,13,12,295302,295302
220010400,루디브리엄성,구름테라스<1>,112,1940,472,915680,1.6,14,13,319911,319911
220010500,루디브리엄성,테라스홀,112,2030,472,958160,1.6,15,16,369128,393737
220010600,루디브리엄성,하늘테라스<1>,112,1850,472,873200,1.7,14,11,270694,270694
220010700,루디브리엄성,하늘테라스<2>,112,1850,472,873200,1.7,14,10,246085,246085
220010800,루디브리엄성,하늘테라스<3>,113,1490,472,703280,1.7,11,15,279368,380957
220010900,루디브리엄성,하늘테라스<4>,112,1850,472,873200,1.6,13,9,221477,221477
220011000,루디브리엄성,하늘테라스<5>,113,2030,472,958160,1.8,17,12,304765,304765
220020000,루디브리엄성,장난감공장<1공정>1구역,113,1400,1225,1715000,2.4,20,14,362657,362657
220020100,루디브리엄성,장난감공장<1공정>2구역,113,1942,472,916624,2.2,20,13,330162,330162
220020200,루디브리엄성,장난감공장<1공정>3구역,113,1760,472,830720,2.5,20,18,457148,457148
220020300,루디브리엄성,장난감공장<메인공정1>,113,1940,472,915680,2.2,20,15,380957,380957
220020400,루디브리엄성,장난감공장<1공정>5구역,113,1670,472,788240,2.6,20,11,279368,279368
220020500,루디브리엄성,장난감공장<1공정>6구역,113,1942,472,916624,2.2,20,11,279368,279368
220020600,루디브리엄성,장난감공장<기계실>,113,1400,1968,2755200,1.2,19,13,332528,332528
220030000,루디브리엄성,장난감공장<2공정>1구역,114,1940,472,915680,1.5,13,12,314228,314228
220030100,루디브리엄성,장난감공장<2공정>2구역,114,1760,472,830720,1.6,13,19,340414,497528
220030200,루디브리엄성,장난감공장<메인공정2>,114,1940,472,915680,1.5,13,12,314228,314228
220030300,루디브리엄성,장난감공장<2공정>4구역,114,1940,472,915680,1.6,14,12,314228,314228
220030400,루디브리엄성,장난감공장<2공정>5구역,114,1940,472,915680,1.5,13,15,340414,392785
220040000,루디브리엄성,시간의길<1>,115,1197,892,1067724,2.0,11,22,296811,593622
220040100,루디브리엄성,시간의길<2>,115,1490,912,1358880,1.9,13,37,350777,998365
220040200,루디브리엄성,시간의갈림길,114,1338,1390,1859820,1.9,18,36,471342,942685
220040300,루디브리엄성,시간의길<3>,115,1490,791,1178590,2.0,13,42,350777,1133280
220040400,루디브리엄성,시간의길<4>,115,1647,792,1304424,1.7,13,26,350777,701554
220050000,루디브리엄성,잃어버린시간<1>,115,1490,792,1180080,1.7,11,29,296811,782502
220050100,루디브리엄성,시간의소용돌이,114,1647,1022,1683234,1.8,13,38,340414,995057
220050200,루디브리엄성,잃어버린시간<2>,115,1377,1029,1416933,1.8,11,32,296811,863451
220060000,시계탑최하층,뒤틀린 시간의 길<1>,115,2116,2544,5383104,1.4,40,34,2791337,2791337
220060100,시계탑최하층,뒤틀린 시간의 길<2>,116,2103,2778,5842134,1.4,40,27,2276254,2276254
220060200,시계탑최하층,뒤틀린 시간의 길<3>,118,2116,2646,5598936,1.5,40,24,2106925,2106925
220060201,히든스트리트,삐뚤어진 시간,119,1685,3065,5164525,1.2,40,21,1895400,1895400
220060300,시계탑최하층,뒤틀린 시간의 길<4>,119,2097,2636,5527692,1.2,40,16,1444114,1444114
220060301,히든스트리트,꼬여버린 시간,120,1973,3065,6047245,1.3,40,26,2412205,2412205
220060400,시계탑최하층,뒤틀린 회랑,120,2955,799,2361045,1.9,26,19,1762765,1762765
220070000,시계탑최하층,잊혀진 시간의 길<1>,115,2452,2329,5710708,1.4,40,40,3272142,3272142
220070100,시계탑최하층,잊혀진 시간의 길<2>,116,2467,1958,4830386,1.4,40,30,2526428,2526428
220070200,시계탑최하층,잊혀진 시간의 길<3>,118,2467,1846,4554082,1.4,37,28,2458080,2458080
220070201,히든스트리트,사라진 시간,119,2307,2488,5739816,1.1,40,17,1534371,1534371
220070300,시계탑최하층,잊혀진 시간의 길<4>,119,2467,2590,6389530,1.3,40,26,2412205,2412205
220070301,히든스트리트,금지된 시간,120,2348,2675,6280900,1.1,40,18,1669988,1669988
220070400,시계탑최하층,잊혀진 회랑,122,2955,1149,3395295,1.6,25,19,1860480,1860480
220080100,시계탑최하층,시계탑의 근원 <이지>,125,2065,520,1073800,2.0,19,12,0,0
220080200,시계탑최하층,시계탑의 근원 <노멀>,125,2065,520,1073800,1.2,11,12,0,0
220080300,시계탑최하층,시계탑의 근원 <카오스>,125,2065,520,1073800,2.0,19,12,0,0
220080400,시계탑최하층,시계탑 깊은 곳 <카오스>,101,1705,627,1069035,0.4999999,3,2,0,0
221020000,에오스 탑,에오스 탑 1층,97,690,1830,1262700,1.2,10,7,88860,88860
221020100,에오스 탑,에오스 탑 2층,97,690,1681,1159890,1.2,9,7,88860,88860
221020200,에오스 탑,에오스 탑 3층,97,690,1931,1332390,1.2,11,9,114248,114248
221020300,에오스 탑,에오스 탑 4층,96,690,1725,1190250,1.2,9,7,88157,88157
221020400,에오스 탑,에오스 탑 5층,96,690,2205,1521450,1.2,13,12,149871,149871
221020500,에오스 탑,에오스 탑 6층,96,690,1565,1079850,1.2,8,10,98742,123428
221020600,에오스 탑,에오스 탑 7층,96,690,2065,1424850,1.2,12,11,135771,135771
221020700,에오스 탑,에오스 탑 8층,96,690,2795,1928550,1.2,17,10,123428,123428
221020701,히든스트리트,숨겨진 탑,96,690,3993,2755170,0.9,19,28,238901,344458
221020800,에오스 탑,에오스 탑 9층,94,1054,1777,1872958,1.4,15,32,174600,372480
221020900,에오스 탑,에오스 탑 10층,94,1054,1707,1799178,1.2,12,27,139680,314280
221021100,에오스 탑,에오스 탑 31층,94,1054,1902,2004708,1.2,14,27,162960,314280
221021200,에오스 탑,에오스 탑 32층,96,690,1832,1264080,1.5,12,16,148114,197485
221021300,에오스 탑,에오스 탑 33층,95,690,2075,1431750,1.5,15,22,182507,267677
221021400,에오스 탑,에오스 탑 34층,95,690,1995,1376550,1.5,14,19,167880,227837
221021500,에오스 탑,에오스 탑 35층,94,1054,2186,2304044,1.2,17,27,197880,314280
221021700,에오스 탑,에오스 탑 66층,94,1054,2508,2643432,1.2,20,31,232800,360840
221021800,에오스 탑,에오스 탑 67층,94,1073,1983,2127759,1.2,15,20,174600,232800
221021900,에오스 탑,에오스 탑 68층,94,1054,2024,2133296,1.2,15,19,174600,221160
221022000,에오스 탑,에오스 탑 69층,94,1066,2219,2365454,1.2,17,35,197880,407400
221022100,에오스 탑,에오스 탑 70층,94,1061,2193,2326773,1.2,17,32,197880,372480
221022300,에오스 탑,에오스 탑 91층,94,1054,1986,2093244,1.4,17,34,197880,395760
221022400,에오스 탑,에오스 탑 92층,94,1068,2610,2787480,1.4,25,36,291000,419040
221022500,에오스 탑,에오스 탑 93층,93,690,2295,1583550,1.2,13,18,146640,203040
221022600,에오스 탑,에오스 탑 94층,93,690,1987,1371030,1.2,11,15,124080,149843
221022700,에오스 탑,에오스 탑 95층,93,690,2025,1397250,1.3,12,20,135360,225600
221022800,에오스 탑,에오스 탑 96층,93,690,1835,1266150,1.3,11,18,124080,203040
221022900,에오스 탑,에오스 탑 97층,93,690,1675,1155750,1.3,9,12,101520,135360
221023000,에오스 탑,에오스 탑 98층,93,690,1955,1348950,1.4,13,20,146640,225600
221023100,에오스 탑,에오스 탑 99층,93,690,1831,1263390,1.3,11,23,124080,259440
221023200,에오스 탑,에오스 탑 100층,93,690,2631,1815390,1.4,19,24,214320,270720
221030100,루더스호수,로스웰초원1,165,2390,955,2282450,1.9,21,16,2456228,2456228
221030200,루더스호수,로스웰초원2,166,1850,835,1544750,1.9,16,17,2560408,2720434
221030300,루더스호수,로스웰초원3,167,2390,865,2067350,1.9,21,20,3271542,3271542
221030400,루더스호수,로스웰초원4,166,1850,1020,1887000,1.9,16,16,2546794,2546794
221030510,UFO 내부,복도 101,169,1974,583,1150842,2.0,18,29,3128914,5041028
221030530,UFO 내부,복도 103,171,1974,583,1150842,2.0,18,23,3329331,4254145
221030610,UFO 내부,복도 202,175,1974,583,1150842,2.0,18,21,3729548,4351140
221030620,UFO 내부,복도 203,174,1974,583,1150842,2.0,18,23,3657101,4672962
221030630,UFO 내부,복도 204,173,1974,583,1150842,2.0,18,21,3521262,4108140
221030640,UFO 내부,복도 H01,178,1974,583,1150842,1.7,15,20,10089900,13453200
221030650,UFO 내부,복도 H02,178,1974,583,1150842,1.7,15,15,10308214,10308214
221030660,UFO 내부,복도 H03,180,1974,583,1150842,1.7,15,16,10635685,11344731
221030710,UFO 내부,환풍구 D-2,176,1758,706,1241148,2.2,18,28,3835388,5966160
221030720,UFO 내부,환풍구 D-3,176,2062,707,1457834,2.0,19,31,4095725,6682500
221030730,UFO 내부,환풍구 D-4,177,1762,705,1242210,2.0,16,19,3504137,4161162
221030800,UFO 내부,조종간1,179,2200,879,1933800,2.0,20,18,4144731,4144731
221030810,UFO 내부,조종간2,178,2200,879,1933800,2.0,20,22,4544828,4999311
221030820,UFO 내부,조종간3,178,2200,879,1933800,2.0,20,18,4035960,4035960
222110000,판타스틱 테마파크,퍼니 스테이션<1>,121,2030,925,1877750,2.2,20,23,635657,731005
222110100,판타스틱 테마파크,퍼니 스테이션<2>,121,2300,1235,2840500,2.2,31,38,985268,1207748
222110200,판타스틱 테마파크,퍼니 스테이션<3>,122,2120,1124,2382880,2.0,22,18,587520,587520
222120000,판타스틱 테마파크,익스트림 스테이션<1>,122,2030,996,2021880,1.0,9,18,293760,587520
222120100,판타스틱 테마파크,익스트림 스테이션<2>,122,1760,1062,1869120,2.0,16,13,424320,424320
222120200,판타스틱 테마파크,익스트림 스테이션<3>,123,2300,996,2290800,2.5,26,31,871371,1038942
222130000,판타스틱 테마파크,판타지 스테이션<1>,123,2390,930,2222700,1.8,20,14,469200,469200
222130100,판타스틱 테마파크,판타지 스테이션<2>,123,2030,1050,2131500,2.2,20,14,469200,469200
222130200,판타스틱 테마파크,판타스틱 애니멀쇼<입구>,123,1940,717,1390980,1.3,11,9,301628,301628
224000100,아랫마을,까막산 입구,130,2300,1308,3008400,0.5999999,9,18,385405,770811
224000101,아랫마을,까막산 기슭,131,1490,958,1427420,2.0,13,17,656458,858445
224000102,아랫마을,옹달샘,132,1629,1405,2288745,2.0,24,22,1229108,1229108
224000110,아랫마을,작은 연못가,133,1850,870,1609500,2.0,17,15,796405,796405
224000111,아랫마을,호랑이의 숲1,134,1580,865,1366700,2.0,14,17,709320,861317
224000112,아랫마을,호랑이의 숲2,134,1852,930,1722360,1.8,15,19,773810,980160
224000120,아랫마을,호랑이 고개,135,2030,1050,2131500,2.0,19,15,740152,740152
224000121,아랫마을,까막산 골짜기,135,1130,1225,1384250,2.0,13,20,692957,1066088
224000130,아랫마을,여우 고개,136,2120,865,1833800,2.0,19,20,1037237,1091828
224000131,아랫마을,달 고개,136,1670,810,1352700,2.0,15,19,745315,944065
224000140,아랫마을,도깨비 산마루,137,1580,1045,1651100,2.0,14,22,633840,996034
224000141,아랫마을,깊은 산 흉가,138,1850,630,1165500,2.0,17,12,717274,717274
224000142,아랫마을,도깨비집,140,1670,750,1252500,2.0,15,12,756205,756205
229000020,헌티드 맨션,게스트룸2,0,1324,414,548136,3.599999,22,10,0,0
229000030,헌티드 맨션,게스트룸3,0,1324,361,477964,3.599999,22,11,0,0
229000040,헌티드 맨션,게스트룸4,0,1324,346,458104,3.599999,22,10,0,0
229000220,헌티드 맨션,서재,0,1324,385,509740,2.0,12,10,0,0
229000230,헌티드 맨션,숨겨진 통로,0,1670,975,1628250,1.0,7,3,0,0
229000310,헌티드 맨션,인형 공방,0,1324,637,843388,1.0,6,10,0,0
229010100,헌티드 맨션,버려진 무덤가,0,1670,330,551100,2.999999,23,15,0,0
229030200,헌티드 맨션,세번째 방,0,2998,1200,3597600,2.0,35,44,0,0
229030600,헌티드 맨션,세번째 방,0,2998,1200,3597600,2.0,35,44,0,0
229030900,헌티드 맨션,세번째 방,0,2998,1200,3597600,2.0,35,44,0,0
230000003,아쿠아리움,동물원,39,760,1292,981920,1.3,6,6,582,582
230010000,아쿠아로드,바다 나들목,78,1400,1230,1722000,2.0,17,33,92528,179614
230010001,히든스트리트,펭귄들의 놀이터,78,2030,750,1522500,1.9,18,19,97971,103414
230010100,아쿠아로드,수정 협곡,79,2030,1140,2314200,2.0,21,38,123120,222788
230010200,아쿠아로드,붉은 산호 숲,79,2390,1620,3871800,1.8,39,31,181748,181748
230010300,아쿠아로드,소라껍질 언덕,80,1580,990,1564200,1.8,13,26,81565,163131
230010400,아쿠아로드,서쪽 바다 갈림길,80,2439,930,2268270,1.6,18,15,94114,94114
230020000,아쿠아로드,동쪽 바다 갈림길,78,2435,990,2410650,1.2,13,12,65314,65314
230020100,아쿠아로드,바다 해초 탑,77,1760,1410,2481600,1.8,23,37,118120,190020
230020101,히든스트리트,숨겨진 마을,77,1850,1050,1942500,1.8,15,26,75085,130148
230020200,아쿠아로드,모래성 놀이터,77,2030,1770,3593100,1.9,39,36,180205,180205
230020300,아쿠아로드,빅 피쉬 골짜기,77,1580,1470,2322600,2.0,25,40,125142,200228
230030000,아쿠아로드,푸른 해초길,76,1564,1008,1576512,2.0,14,33,64200,151328
230030001,히든스트리트,물고기 쉼터,76,1562,885,1382370,1.8,13,19,59614,87128
230030100,아쿠아로드,버섯 산호 구릉,75,1564,1422,2224008,2.0,23,40,103460,179931
230030200,아쿠아로드,뾰족한 사각지대,75,1563,1319,2061597,1.8,19,34,80532,144111
230040000,아쿠아로드,깊은 바다 협곡1,107,956,2200,2103200,1.5,19,21,254987,281828
230040100,아쿠아로드,깊은 바다 협곡2,107,1074,2073,2226402,1.5,20,16,281828,281828
230040200,아쿠아로드,위험한 바다 협곡1,108,1125,2028,2281500,1.2,16,29,251737,456274
230040300,아쿠아로드,위험한 바다 협곡2,108,979,2624,2568896,1.0,16,34,297777,632777
230040400,아쿠아로드,난파선의 무덤,110,1400,2485,3479000,1.0,22,38,457404,790062
230040420,아쿠아로드,피아누스의 동굴,110,1420,533,756860,1.0,6,2,38343,38343
240010000,미나르숲,리프레 서쪽 숲,103,2210,1135,2508350,1.8,21,16,245348,245348
240010100,미나르숲,미나르숲 서쪽 경계,104,2930,1465,4292450,1.8,40,29,461845,461845
240010101,히든스트리트,털복숭이의 숲,103,2570,1345,3456650,2.3,40,36,569777,569777
240010200,미나르숲,심술쟁이의 숲,104,2750,1200,3300000,1.9,30,22,355165,355165
240010300,미나르숲,가파른 언덕,105,1670,1657,2767190,2.0,31,19,311708,311708
240010400,미나르숲,숲의 갈림길,108,1850,1379,2551150,2.2,29,16,289645,289645
240010500,미나르숲,산양의 골짜기1,109,1580,1345,2125100,2.0,22,16,299520,299520
240010510,미나르숲,산양의 골짜기2,109,1940,1225,2376500,1.9,22,19,1067040,1067040
240010520,미나르숲,하늘 둥지3,107,2300,1375,3162500,1.6,26,21,1109700,1109700
240010600,미나르숲,하늘 둥지2,107,1850,1380,2553000,1.3,17,14,739800,739800
240010700,미나르숲,하늘 둥지1,106,1580,1211,1913380,2.0,18,11,188280,188280
240010800,미나르숲,하늘 둥지 입구,106,1850,1465,2710250,2.4,35,21,357120,357120
240010900,미나르숲,미나르숲 동쪽 경계,104,1400,1465,2051000,2.4,26,21,334440,334440
240010901,히든스트리트,투구벌레의 숲,103,2750,1525,4193750,1.5,34,21,332074,332074
240011000,미나르숲,리프레 동쪽 숲,103,1850,1405,2599250,2.0,27,15,230014,230014
240020000,미나르숲,붉은 켄타우로스의 영역,110,1940,1345,2609300,1.2,16,14,325320,325320
240020100,미나르숲,불과 어둠의 전장,110,2210,1645,3635450,1.5,30,24,557691,557691
240020101,미나르숲,그리프의 숲,110,1490,420,625800,0.8,5,7,116403,139695
240020102,미나르숲,그리프의 숲,110,1490,420,625800,0.8,5,7,116403,139695
240020200,미나르숲,검은 켄타우로스의 영역,110,1850,985,1822250,1.8,15,13,906248,906248
240020210,미나르숲,어둠과 불의 전장,110,2120,1497,3173640,1.2,20,24,1394228,1673074
240020300,미나르숲,물과 어둠의 전장,110,2480,1225,3038000,1.7,25,25,1742785,1742785
240020400,미나르숲,푸른 켄타우로스의 영역,110,2750,1225,3368750,2.0,33,22,511217,511217
240020401,미나르숲,마뇽의 숲,110,1490,420,625800,0.8,5,7,116403,139695
240020402,미나르숲,마뇽의 숲,110,1490,420,625800,0.8,5,7,116403,139695
240020500,미나르숲,불과 물의 전장,110,1850,1525,2821250,1.8,27,19,441505,441505
240030000,미나르숲,용의 숲 입구,127,2930,1285,3765050,1.4,26,14,435840,435840
240030100,미나르숲,용의 숲1,128,3470,1470,5100900,1.2,33,19,619834,619834
240030101,미나르숲,불타는 숲,136,1850,1706,3156100,1.3,23,10,454885,454885
240030102,미나르숲,사라진 숲,142,2120,1474,3124880,1.3,22,14,783960,783960
240030103,히든스트리트,숨겨진 용의 무덤1,136,1760,1797,3162720,1.6,29,15,682328,682328
240030104,히든스트리트,숨겨진 용의 무덤2,142,2120,1617,3428040,1.6,30,19,1063945,1063945
240030200,미나르숲,용의 숲2,131,2930,1590,4658700,1.3,33,15,558514,558514
240030300,미나르숲,용의 숲3,133,2930,1290,3779700,1.4,26,10,406028,406028
240040000,미나르숲,용의 협곡,134,765,2050,1568250,1.2,12,8,347657,347657
240040100,미나르숲,협곡의 갈림길,135,766,2118,1622388,1.3,13,12,536297,536297
240040200,미나르숲,협곡의 동쪽길,141,768,2098,1611264,1.4,14,13,705120,705120
240040210,히든스트리트,블루 와이번의 둥지,137,770,1999,1539230,1.3,12,12,565920,565920
240040300,미나르숲,협곡의 서쪽길,141,767,2026,1553942,1.3,12,19,2343291,3710211
240040310,히든스트리트,레드 와이번의 둥지,134,770,2075,1597750,1.2,12,9,380005,380005
240040320,미나르숲,검은 와이번의 둥지,141,1567,2141,3354947,1.3,26,20,3905485,3905485
240040400,미나르숲,와이번의 협곡,137,762,1958,1491996,1.4,13,15,622365,718114
240040401,히든스트리트,레비아탄의 협곡,138,763,1677,1279551,1.6,12,17,595446,843548
240040500,미나르숲,용의 둥지 입구,141,1562,1057,1651034,1.5,11,6,302305,302305
240040510,미나르숲,죽은 용의 둥지,149,1564,1384,2164576,1.8,20,23,5148447,5920714
240040511,미나르숲,남겨진 용의 둥지1,150,1560,1690,2636400,1.8,27,17,4503445,4503445
240040512,미나르숲,남겨진 용의 둥지2,150,1560,1690,2636400,1.8,27,19,5084280,5084280
240040520,미나르숲,망가진 용의 둥지,145,1563,1333,2083479,1.4,15,14,640320,640320
240040521,미나르숲,위험한 용의 둥지,150,1570,1385,2174450,1.4,16,11,787191,787191
240040600,미나르숲,큰 둥지 봉우리,150,1562,1029,1607298,1.6,11,11,812065,812065
240040800,히든스트리트,부활하는 기억,150,1560,1690,2636400,1.5,22,17,1250905,1250905
240050100,생명의동굴,미로방,100,2750,550,1512500,1.0,12,6,0,0
240050101,생명의동굴,첫번째 미로방,105,1760,744,1309440,1.0,8,7,0,0
240050102,생명의동굴,두번째 미로방,97,1760,744,1309440,1.0,8,7,0,0
240050103,생명의동굴,세번째 미로방,101,1760,744,1309440,1.0,8,7,0,0
240050104,생명의동굴,네번째 미로방,103,1760,744,1309440,1.0,8,7,0,0
240050105,생명의동굴,다섯번째 미로방,110,1760,744,1309440,1.0,8,5,0,0
240050300,생명의동굴,빛의 동굴,110,3200,550,1760000,1.0,15,21,288174,288174
240050310,생명의동굴,어둠의 동굴,105,3200,610,1952000,1.0,15,8,0,0
240080100,리프레,천공 지역 1,103,1402,2342,3283484,2.999999,40,40,0,0
240080200,리프레,천공 지역 2,104,1298,2113,2742674,2.999999,40,39,0,0
240090100,암벽 거인 탐사 현장,탐사 현장 서쪽 길 1,152,2120,865,1833800,2.799999,27,13,1204654,1204654
240090200,암벽 거인 탐사 현장,탐사 현장 서쪽 길 2,152,2120,745,1579400,2.799999,27,12,1136777,1136777
240090300,암벽 거인 탐사 현장,탐사 현장 서쪽 길 3,153,2300,985,2265500,2.6,28,18,1742348,1742348
240090400,암벽 거인 탐사 현장,탐사 현장 위험한 길,154,1670,1165,1945550,3.299999,30,14,1419720,1419720
240090500,암벽 거인 탐사 현장,탐사 현장 동쪽 길 1,155,2120,1045,2215400,3.099999,30,14,1478880,1478880
240090600,암벽 거인 탐사 현장,탐사 현장 동쪽 길 2,155,1580,1345,2125100,2.799999,30,15,1617754,1617754
240090700,암벽 거인 탐사 현장,탐사 현장 동쪽 길 3,156,2570,925,2377250,2.5,30,18,1986891,1986891
240091100,암벽 거인에게 가는 길,벌떼의 서식지 1,157,1940,745,1445300,3.299999,30,14,1605720,1605720
240091200,암벽 거인에게 가는 길,벌떼의 서식지 2,157,1850,985,1822250,3.499999,30,14,1634931,1634931
240091300,암벽 거인에게 가는 길,벌떼의 서식지 3,158,2210,925,2044250,2.899999,30,14,1704660,1704660
240091400,암벽 거인에게 가는 길,벌떼의 본거지,159,1850,1225,2266250,2.7,30,23,8553240,8553240
240092200,암벽 거인의 몸,암벽 거인의 몸 위 1,160,2362,747,1764414,2.5,27,14,1804920,1804920
240092300,암벽 거인의 몸,암벽 거인의 몸 위 2,160,1760,987,1737120,3.299999,27,17,2223008,2223008
240092400,암벽 거인의 몸,암벽 거인의 몸 위 3,161,1760,871,1532960,3.299999,27,18,2401148,2401148
240093000,암벽 거인의 내부,암벽 거인의 몸 속 1,162,2660,537,1428420,2.1,26,18,2492948,2492948
240093100,암벽 거인의 내부,암벽 거인의 몸 속 2,162,2660,537,1428420,2.1,26,15,2134122,2134122
240093200,암벽 거인의 내부,암벽 거인의 몸 속 3,163,2660,537,1428420,2.2,27,15,2154728,2154728
240093300,암벽 거인의 내부,암벽 거인의 심장,165,1460,330,481800,1.0,6,1,0,0
241000201,킹덤로드,깊어지는 비극의 숲5,180,1760,750,1320000,3.299999,27,12,2836182,2836182
241000202,킹덤로드,깊어지는 비극의 숲4,179,1760,750,1320000,3.299999,27,15,3453942,3453942
241000203,킹덤로드,깊어지는 비극의 숲3,178,2030,750,1522500,2.899999,27,15,3363300,3363300
241000204,킹덤로드,깊어지는 비극의 숲2,177,2030,750,1522500,2.899999,27,17,3723145,3723145
241000205,킹덤로드,깊어지는 비극의 숲1,176,2030,750,1522500,2.899999,27,16,3409234,3409234
241000206,킹덤로드,타락한 마력의 숲2,181,2030,810,1644300,1.8,17,18,4196571,4443428
241000207,킹덤로드,작열의 숲1,176,2030,930,1887900,2.899999,27,18,3882840,3882840
241000208,킹덤로드,작열의 숲2,178,2030,1050,2131500,2.899999,27,22,5060040,5060040
241000211,킹덤로드,시작되는 비극의 숲5,174,2030,750,1522500,2.899999,27,16,3222171,3222171
241000212,킹덤로드,시작되는 비극의 숲4,173,2030,750,1522500,2.899999,27,14,2738760,2738760
241000213,킹덤로드,시작되는 비극의 숲3,172,2030,810,1644300,2.899999,27,17,3240394,3240394
241000214,킹덤로드,시작되는 비극의 숲2,171,2030,810,1644300,2.899999,27,17,3144368,3144368
241000215,킹덤로드,시작되는 비극의 숲1,170,2030,750,1522500,2.899999,27,18,3228737,3228737
241000216,킹덤로드,타락한 마력의 숲1,175,2030,1050,2131500,2.6,24,19,3936745,3936745
241000217,킹덤로드,빙점의 숲1,170,2030,750,1522500,2.899999,27,18,3279034,3279034
241000218,킹덤로드,빙점의 숲2,173,2030,750,1522500,2.899999,27,17,3330111,3330111
241000221,킹덤로드,끝나지 않는 비극의 숲5,186,2030,810,1644300,2.899999,27,18,5422988,5422988
241000222,킹덤로드,끝나지 않는 비극의 숲4,185,2030,810,1644300,2.899999,27,18,5223342,5223342
241000223,킹덤로드,끝나지 않는 비극의 숲3,184,2030,810,1644300,2.899999,27,17,4745768,4745768
241000224,킹덤로드,끝나지 않는 비극의 숲2,183,2030,810,1644300,2.899999,27,19,5097591,5097591
241000225,킹덤로드,끝나지 않는 비극의 숲1,182,2030,810,1644300,2.899999,27,19,4893042,4893042
241000226,킹덤로드,타락한 마력의 숲3,187,2030,1050,2131500,2.6,24,28,7500548,8750640
241000227,킹덤로드,암흑의 숲1,182,2030,810,1644300,2.899999,27,17,4474877,4474877
241000228,킹덤로드,암흑의 숲2,184,2030,1050,2131500,2.899999,27,27,7824539,7824539
241010201,킹덤로드,깊어지는 비극의 숲5,182,1760,750,1320000,1.6,13,15,111428571,128571428
241010202,킹덤로드,깊어지는 비극의 숲4,182,1760,750,1320000,1.6,13,20,111428571,171428571
241010203,킹덤로드,깊어지는 비극의 숲3,182,2030,750,1522500,1.6,15,18,128571428,154285714
241010204,킹덤로드,깊어지는 비극의 숲2,182,2030,750,1522500,1.6,15,18,128571428,154285714
241010205,킹덤로드,깊어지는 비극의 숲1,182,2030,750,1522500,1.6,15,16,128571428,137142857
241010206,킹덤로드,타락한 마력의 숲2,182,2030,390,791700,1.6,15,8,68571428,68571428
241010207,킹덤로드,작열의 숲1,182,2030,450,913500,1.6,15,11,94285714,94285714
241010208,킹덤로드,작열의 숲2,182,2030,330,669900,1.6,15,11,94285714,94285714
241010211,킹덤로드,시작되는 비극의 숲5,182,2030,750,1522500,1.6,15,15,128571428,128571428
241010212,킹덤로드,시작되는 비극의 숲4,182,2030,750,1522500,1.6,15,17,128571428,145714285
241010213,킹덤로드,시작되는 비극의 숲3,182,2030,810,1644300,1.6,15,16,128571428,137142857
241010214,킹덤로드,시작되는 비극의 숲2,182,2030,810,1644300,1.6,15,16,128571428,137142857
241010215,킹덤로드,시작되는 비극의 숲1,182,2030,750,1522500,1.6,15,18,128571428,154285714
241010216,킹덤로드,타락한 마력의 숲1,182,2030,450,913500,1.6,15,8,68571428,68571428
241010217,킹덤로드,빙점의 숲1,182,2030,390,791700,1.6,15,11,94285714,94285714
241010218,킹덤로드,빙점의 숲2,182,2030,450,913500,1.6,15,11,94285714,94285714
241010221,킹덤로드,끝나지 않는 비극의 숲5,182,2030,810,1644300,1.6,15,16,128571428,137142857
241010222,킹덤로드,끝나지 않는 비극의 숲4,182,2030,810,1644300,1.6,15,16,128571428,137142857
241010223,킹덤로드,끝나지 않는 비극의 숲3,182,2030,810,1644300,1.6,15,16,128571428,137142857
241010224,킹덤로드,끝나지 않는 비극의 숲2,182,2030,810,1644300,1.6,15,14,120000000,120000000
241010225,킹덤로드,끝나지 않는 비극의 숲1,182,2030,810,1644300,1.6,15,18,128571428,154285714
241010226,킹덤로드,타락한 마력의 숲3,182,2030,390,791700,1.6,15,9,77142857,77142857
241010227,킹덤로드,암흑의 숲1,182,2030,390,791700,1.6,15,11,94285714,94285714
241010228,킹덤로드,암흑의 숲2,182,2030,390,791700,1.6,15,11,94285714,94285714
250010000,무릉도원,하늘 숲 입구,136,1850,745,1378250,1.8,15,19,818871,1037237
250010100,무릉도원,하늘 숲 오솔길,137,2030,685,1390550,1.7,16,24,905554,1358331
250010200,무릉도원,하늘 숲 깊은 곳,137,3830,1045,4002350,2.5,40,72,2263885,4074994
250010300,무릉도원,꽃뱀의 영토,137,1490,745,1110050,1.7,11,21,622568,1188540
250010301,무릉도원,야생곰의 영토1,138,3470,1121,3889870,2.5,40,53,2343771,3105497
250010302,무릉도원,야생곰의 영토2,138,4010,1015,4070150,2.5,40,72,2343771,4218788
250010303,무릉도원,야생곰의 영토3,138,4280,1045,4472600,2.5,40,62,2343771,3632845
250010304,무릉도원,떠돌이곰의 영토,138,1490,870,1296300,1.7,11,14,644537,820320
250010400,무릉도원,하늘 숲이 끝나는 곳,137,3650,925,3376250,2.5,40,65,2263885,3678814
250010500,무릉도원,천도 과수원1,138,1670,1050,1753500,1.2,9,31,527348,1816422
250010501,무릉도원,안개 낀 숲,138,3110,1045,3249950,2.5,36,58,2109394,3398468
250010502,무릉도원,선인의 숲,138,1760,958,1686080,1.9,15,25,878914,1464857
250010503,무릉도원,요괴의 숲,138,3650,1315,4799750,2.5,40,64,2343771,3750034
250010504,히든스트리트,요괴의 숲2,138,1580,930,1469400,1.8,13,12,703131,703131
250010600,무릉도원,천도 과수원2,138,4280,1345,5756600,2.5,40,76,2343771,4453165
250010700,무릉도원,천도 과수원3,138,3774,1162,4385388,2.5,40,60,2343771,3515657
250020000,무릉사원,초급 수련장,136,2030,330,669900,1.2,11,11,600505,600505
250020100,무릉사원,하급 수련장,136,2030,596,1209880,1.8,17,15,818871,818871
250020200,무릉사원,중급 수련장,136,2300,1026,2359800,1.8,19,28,1037237,1528560
250020300,무릉사원,상급 수련장,136,2030,1275,2588250,1.8,23,21,1146420,1146420
251010000,무릉도원,10년 된 약초밭,139,3771,1165,4393215,2.5,40,74,2438057,4510405
251010100,무릉도원,50년 된 약초밭,139,1334,1045,1394030,1.8,11,13,670465,792368
251010101,히든스트리트,60년 된 약초밭,139,1541,1023,1576443,1.8,13,20,792368,1219028
251010102,히든스트리트,80년 된 약초밭,139,1330,1112,1478960,1.8,12,13,731417,792368
251010200,무릉도원,100년 된 약초밭,139,3232,1162,3755584,2.5,40,69,2438057,4205648
251010300,무릉도원,도라지골,139,3237,952,3081624,2.5,37,56,2255202,3413280
251010400,무릉도원,오래된 습지,140,2072,1133,2347576,1.5,16,21,1008274,1323360
251010401,무릉도원,빨간코 해적단 소굴1,140,1873,1074,2011602,1.2,10,17,630171,1071291
251010402,무릉도원,빨간코 해적단 소굴2,140,1967,1068,2100756,1.2,11,21,702967,1342028
251010403,무릉도원,빨간코 해적단 소굴3,140,1657,1207,1999999,1.7,16,18,1030399,1159200
251010500,무릉도원,외딴 습지,140,3557,1336,4752152,2.5,40,60,2520685,3781028
252010000,황금사원,수행자의 숲1,132,1400,1007,1409800,2.5,16,18,744960,838080
252010100,황금사원,수행자의 숲2,133,1400,865,1211000,2.4,15,16,730928,779657
252010200,황금사원,수행자의 숲3,134,1400,1045,1463000,2.6,17,18,876018,927548
252010300,황금사원,수행자의 숲4,134,1760,842,1481920,2.2,18,17,880774,880774
252020100,황금사원,수호자의 방1,136,1400,900,1260000,2.3,15,14,764280,764280
252020200,황금사원,수호자의 방2,136,1400,778,1089200,2.3,15,14,764280,764280
252020300,황금사원,시련자의 방1,136,1220,905,1104100,2.0,11,16,600505,873462
252020400,황금사원,시련자의 방2,136,1220,778,949160,2.0,11,17,600505,928054
252020500,황금사원,수도자의 방1,137,1220,1078,1315160,2.2,13,21,735762,1188540
252020600,황금사원,수도자의 방2,137,1220,1078,1315160,2.2,13,19,735762,1075345
252020700,황금사원,고난자의 방,138,1670,1078,1800260,1.6,13,23,761725,1347668
252030100,황금사원,라바나의 황금 제단,140,1040,658,684320,1.0,4,1,0,0
260010000,버닝로드,아리안트 서문 밖,86,2030,805,1634150,1.9,18,16,138788,138788
260010001,히든스트리트,어린 카투스 사막,86,1400,625,875000,1.3,8,7,60720,60720
260010100,버닝로드,선인장 사막1,87,2660,895,2380700,2.4,29,35,262491,316800
260010200,버닝로드,선인장 사막2,87,2480,1555,3856400,1.6,34,36,307748,325851
260010201,히든스트리트,로얄 카투스 사막,87,1580,625,987500,1.2,8,10,72411,90514
260010300,버닝로드,흰 바위 사막,88,3110,865,2690150,2.4,34,40,320571,377142
260010301,히든스트리트,벨라모아의 굴,88,1490,740,1102600,2.4,16,18,150857,169714
260010400,버닝로드,작열하는 사막,88,1490,685,1020650,2.2,15,16,141428,150857
260010500,버닝로드,메마른 사막,88,2390,1225,2927750,2.4,34,40,320571,377142
260010501,히든스트리트,프릴드 서식지대,88,1400,925,1295000,2.2,14,22,132000,207428
260010600,버닝로드,유랑단의 텐트,86,4010,685,2746850,1.5,28,30,242880,260228
260010700,버닝로드,아리안트 동문 밖,86,2480,690,1711200,1.3,15,9,78068,78068
260020000,버닝로드,아리안트 북문 밖,89,4010,805,3228050,1.8,33,38,323871,372942
260020100,버닝로드,북쪽 사막길1,89,2480,810,2008800,1.6,18,13,127585,127585
260020200,선셋로드,북쪽 사막길2,89,4010,865,3468650,1.6,30,40,294428,392571
260020300,선셋로드,붉은 모래 사막,89,2390,745,1780550,1.5,16,15,149425,149425
260020400,선셋로드,사막유목민의 폐허,90,4010,745,2987450,1.3,24,28,244388,285120
260020401,히든스트리트,석양의 거인,90,1670,690,1152300,1.5,11,7,93227,93227
260020500,선셋로드,사헬지대3,90,2390,1165,2784350,1.8,24,40,244388,407314
260020600,선셋로드,사헬지대2,89,1850,810,1498500,1.8,15,14,140348,140348
260020610,선셋로드,잠자는 사막,89,1580,570,900600,1.8,13,13,130534,130534
260020620,선셋로드,꿈꾸는 사막,90,1940,620,1202800,2.5,22,14,142560,142560
260020700,선셋로드,사헬지대1,89,3290,745,2451050,1.6,24,30,235542,294428
261010001,제뉴미스트 연구소,연구소 101호,91,1878,443,831954,1.8,15,18,158271,189925
261010002,제뉴미스트 연구소,연구소 102호,92,4354,485,2111690,1.5,30,60,327600,655200
261010003,제뉴미스트 연구소,연구소 103호,93,2156,450,970200,2.999999,30,14,157920,157920
261010101,제뉴미스트 연구소,연구소 201호,94,2156,445,959420,1.8,18,14,162960,162960
261010102,제뉴미스트 연구소,연구소 202호,95,1915,444,850260,1.8,16,16,167915,167915
261010103,제뉴미스트 연구소,연구소 203호,95,4353,449,1954497,1.5,30,65,359742,779442
261020100,알카드노 연구소,연구소 A-1 구역,94,2773,685,1899505,2.0,25,50,291000,582000
261020200,알카드노 연구소,연구소 B-1 구역,93,1964,437,858268,1.8,16,24,180480,270720
261020300,알카드노 연구소,연구소 C-1 구역,95,1567,449,703583,3.0,22,20,239828,239828
261020400,알카드노 연구소,연구소 C-2 구역,95,4375,482,2108750,1.5,30,48,359742,576914
261020401,히든스트리트,관계자 외 출입금지,95,2705,482,1303810,1.6,20,30,239828,359742
261020500,알카드노 연구소,연구소 C-3 구역,95,1565,753,1178445,3.0,22,28,263811,311806
261020600,알카드노 연구소,연구소 B-3 구역,91,1968,449,883632,1.8,16,13,137168,137168
261020700,알카드노 연구소,연구소 A-3 구역,92,2768,615,1702320,2.0,25,50,273000,546000
262020000,아스완,점령전 소규모 전장(이지),112,4310,642,2767020,1.0,20,40,104936,104936
262020001,아스완,점령전 소규모 전장(노말),112,4310,642,2767020,1.0,20,44,225240,225240
262020002,아스완,점령전 소규모 전장(하드),112,4310,1212,5223720,1.0,25,92,493942,493942
262020003,아스완,점령전 소규모 전장(헬),112,4310,1212,5223720,1.0,25,100,2177196,2177196
262020100,아스완,점령전 대규모 전장(이지),112,4310,804,3465240,1.0,20,76,231199,231199
262020101,아스완,점령전 대규모 전장(노말),112,4310,804,3465240,1.0,20,84,495298,495298
262020102,아스완,점령전 대규모 전장(하드),112,4310,1285,5538350,1.0,28,128,1044857,1044857
262020103,아스완,점령전 대규모 전장(헬),112,4310,1285,5538350,1.0,28,160,5138976,5138976
262021000,아스완,공격전 소규모 전장(이지),112,4310,642,2767020,1.0,20,40,104936,104936
262021001,아스완,공격전 소규모 전장(노말),112,4310,642,2767020,1.0,20,44,225240,225240
262021002,아스완,공격전 소규모 전장(하드),112,4310,1212,5223720,1.0,25,84,489571,489571
262021003,아스완,공격전 소규모 전장(헬),112,4310,1212,5223720,1.0,25,96,2222433,2222433
262021100,아스완,공격전 대규모 전장(이지),112,4310,804,3465240,1.0,20,76,231199,231199
262021101,아스완,공격전 대규모 전장(노말),112,4310,804,3465240,1.0,20,84,495298,495298
262021102,아스완,공격전 대규모 전장(하드),112,4310,1285,5538350,1.0,28,116,1044857,1044857
262021103,아스완,공격전 대규모 전장(헬),112,4310,1285,5538350,1.0,28,144,5348962,5348962
262022000,아스완,방어전 소규모 전장(이지),112,4310,1113,4797030,1.0,22,76,1072189,1225089
262022001,아스완,방어전 소규모 전장(노말),112,4310,1113,4797030,1.0,22,76,1077540,1238344
262022002,아스완,방어전 소규모 전장(하드),112,4310,1126,4853060,1.0,22,76,2980906,2980906
262022003,아스완,방어전 소규모 전장(헬),112,4310,1126,4853060,1.0,22,92,13082444,13082444
262022100,아스완,방어전 대규모 전장(이지),112,4310,1437,6193470,1.0,33,92,257107,257107
262022101,아스완,방어전 대규모 전장(노말),112,4310,1437,6193470,1.0,33,100,446289,446289
262022102,아스완,방어전 대규모 전장(하드),112,4310,1437,6193470,1.0,33,100,994667,994667
262022103,아스완,방어전 대규모 전장(헬),112,4310,1437,6193470,1.0,33,136,6575505,6575505
262023000,아스완,보급전 전장,47,2450,1248,3057600,1.8,27,200,179755,1331520
262023100,아스완,보급전 대규모 전장,47,2450,1248,3057600,1.8,27,200,179755,1331520
262030100,힐라의 탑,복도1,110,2445,330,806850,1.0,11,8,0,0
262030200,힐라의 탑,복도2,110,2445,330,806850,1.0,11,8,0,0
262030300,힐라의 탑,힐라의 탑 <노멀>,110,2269,330,748770,1.0,10,1,0,0
262031100,힐라의 탑,음산한 복도1,185,2445,330,806850,1.0,11,8,0,0
262031200,힐라의 탑,음산한 복도2,185,2445,330,806850,1.0,11,8,0,0
262031300,힐라의 탑,힐라의 탑 <하드>,190,2269,330,748770,1.0,10,1,0,0
262031400,힐라의 탑,음산한 복도 <하드>,101,1815,330,598950,1.0,8,2,0,0
262031500,힐라의 탑,서늘한 복도,185,2445,330,806850,2.0,22,12,3482228,3482228
270010100,타임로드,추억의 길1,130,1972,1246,2457112,2.5,30,21,930754,930754
270010200,타임로드,추억의 길2,131,1969,1331,2620739,2.3,31,20,919988,919988
270010300,타임로드,추억의 길3,132,1963,1029,2019927,2.999999,27,13,615754,615754
270010400,타임로드,추억의 길4,133,2762,688,1900256,2.4,31,13,650811,650811
270010500,타임로드,추억의 길5,133,1963,1388,2724644,2.2,31,15,736457,736457
270020100,타임로드,후회의 길1,135,2763,695,1920285,2.4,31,15,795334,795334
270020200,타임로드,후회의 길2,136,1765,1313,2317445,2.6,30,19,1047797,1047797
270020300,타임로드,후회의 길3,136,1964,1330,2612120,2.3,31,19,1065977,1065977
270020400,타임로드,후회의 길4,137,2364,1373,3245772,1.8,30,22,1286545,1286545
270020500,타임로드,후회의 길5,136,1563,1040,1625520,3.0,21,10,555128,555128
270030100,타임로드,망각의 길1,139,1964,1039,2040596,2.0,18,17,1062017,1062017
270030200,타임로드,망각의 길2,141,1964,1326,2604264,1.6,21,21,1386651,1386651
270030300,타임로드,망각의 길3,141,2763,694,1917522,1.7,22,13,851905,851905
270030400,타임로드,망각의 길4,143,1963,1326,2602938,1.7,22,16,1119994,1119994
270030500,타임로드,망각의 길5,144,2363,1039,2455157,2.0,22,15,1077171,1077171
270030600,타임로드,또 다른 망각의 길1,160,1964,1039,2040596,2.2,20,17,6575065,6575065
270030610,타임로드,또 다른 망각의 길2,161,1964,1326,2604264,1.6,21,21,8696597,8696597
270030620,타임로드,또 다른 망각의 길3,163,2763,694,1917522,1.6,20,13,5666400,5666400
270030630,타임로드,또 다른 망각의 길4,165,1963,1326,2602938,1.4,18,16,7506282,7506282
270050100,신전 깊은 곳,신들의 황혼 <노멀>,0,1758,658,1156764,1.0,8,5,0,0
270051100,신전 깊은 곳,신들의 황혼 <카오스>,0,1758,637,1119846,1.0,8,5,0,0
270051400,신전 깊은 곳,잊혀진 황혼 <카오스>,101,1530,330,504900,1.0,7,2,0,0
271000100,다크에레브,변형된 티노의 숲,163,1670,930,1553100,2.7,21,21,3016620,3016620
271000200,다크에레브,변형된 티루의 숲,165,1490,1050,1564500,2.2,15,15,2302714,2302714
271000210,다크에레브,변형된 티구르의 숲,167,1580,930,1469400,2.1,15,15,2453528,2453528
271010100,파괴된 헤네시스,파괴된 헤네시스 시장,162,2840,840,2385600,1.6,21,21,2908440,2908440
271010200,파괴된 헤네시스,파괴된 헤네시스공원,162,2750,1080,2970000,1.9,25,25,3462428,3462428
271010300,파괴된 니은숲,파괴된 헤네시스 북쪽언덕,166,2570,1380,3546600,1.8,33,25,3955071,3955071
271010301,파괴된 니은숲,수상한 언덕,167,2030,1020,2070600,1.9,18,18,2966357,2966357
271010400,파괴된 니은숲,꿈꾸는 오솔길,168,2480,1140,2827200,1.8,24,14,2365920,2365920
271020000,파괴된 버섯노래숲,어두운 포자언덕,164,1400,1045,1463000,2.3,15,15,2223900,2223900
271020100,파괴된 버섯노래숲,음산한 콧노래 오솔길,164,1490,1105,1646450,1.9,14,16,2075640,2372160
271030010,기사단 요새,요새 입구,168,1564,330,516120,1.2,8,5,704185,704185
271030100,기사단 요새,기사단 제 1구역,168,1400,925,1295000,3.299999,21,21,3642402,3642402
271030101,기사단 요새,제 1연무장,168,1490,1433,2135170,2.2,25,49,13056205,25590162
271030102,기사단 요새,제 2연무장,169,1490,1165,1735850,2.4,19,32,9947222,16753217
271030200,기사단 요새,기사단 제 2구역,172,1490,1045,1557050,2.999999,20,18,3431005,3431005
271030201,기사단 요새,정령의 터,169,1400,925,1295000,2.3,15,16,2607428,2781257
271030202,기사단 요새,정령의 터,171,1400,865,1211000,2.799999,18,18,3329177,3329177
271030203,기사단 요새,정령의 터,173,1490,865,1288850,2.6,18,18,3521108,3521108
271030204,기사단 요새,정령의 터,175,1400,865,1211000,2.6,17,17,3522060,3522060
271030205,기사단 요새,정령의 터,177,1400,985,1379000,2.899999,19,18,3942000,3942000
271030300,기사단 요새,기사단 제 3구역,174,1490,1045,1557050,3.099999,21,21,4229100,4229100
271030310,기사단 요새,무기고1,172,1400,1045,1463000,2.599999,17,26,9974792,15255565
271030320,기사단 요새,무기고2,175,1400,1045,1463000,2.3,15,24,9369257,14990811
271030400,기사단 요새,기사단 제 4구역,176,1400,995,1393000,3.099999,20,20,4261542,4261542
271030500,기사단 요새,기사의 전당1,177,1400,632,884800,2.999999,19,11,2409000,2409000
271030510,기사단 요새,기사의 전당2,179,1760,984,1731840,2.5,20,18,4144885,4144885
271030520,기사단 요새,기사의 전당3,180,1400,990,1386000,2.999999,19,17,4017925,4017925
271030530,기사단 요새,기사의 전당4,182,1400,988,1383200,2.999999,19,21,4893205,5408280
271030540,기사단 요새,기사의 전당5,184,1760,984,1731840,2.5,20,22,5583085,6141394
271030600,기사단 요새,명예의 전당,180,1580,1073,1695340,2.2,16,25,3938792,6154362
271041400,기사단 요새,시그너스의 정원 <이지>,101,1786,330,589380,1.5,12,2,0,0
271041500,기사단 요새,시그너스의 정원 <노멀>,101,1786,330,589380,1.5,12,2,0,0
272000100,과거의 리프레,불타는 리프레1,123,2120,745,1579400,0.6999999,6,12,167605,335211
272000200,과거의 리프레,불타는 리프레2,123,2030,745,1512350,1.0,9,15,251408,419014
272000300,과거의 리프레,불타는 리프레3,124,2120,390,826800,0.6999999,6,10,171925,286542
272000400,과거의 리프레,불타는 리프레4,125,1400,425,595000,1.0,6,10,179480,299134
272000500,과거의 리프레,불타는 리프레5,125,1940,865,1678100,1.2,10,23,298803,687248
272000600,과거의 리프레,불타는 리프레6,126,1940,805,1561700,1.0,9,18,272352,544705
272020000,차원의 틈,비틀린 시간의 신전1,164,3111,330,1026630,0.5999999,8,15,1186080,2223900
272020100,차원의 틈,비틀린 시간의 신전2,166,3111,330,1026630,0.5999999,8,15,1265622,2373042
272030000,차원의 틈,차원의 틈,120,3111,330,1026630,0.5999999,8,7,160620,160620
272030100,차원의 틈,어둠의 길1,120,3111,330,1026630,0.6999999,10,6,118722,118722
272030200,차원의 틈,어둠의 길2,120,3111,330,1026630,0.6999999,10,7,116400,116400
272030400,차원의 틈,어둠의 제단,0,1570,345,541650,1.0,7,1,0,0
273010000,황혼의 페리온,인적이 끊긴 남쪽령,190,2569,1315,3378235,2.4,40,25,10804071,10804071
273020000,황혼의 페리온,황량한 언덕,190,2390,1014,2423460,2.4,26,23,9939745,9939745
273020100,황혼의 페리온,적막한 바위길,190,2569,1127,2895263,2.0,27,24,10561560,10561560
273020200,황혼의 페리온,쓸쓸한 바위길,190,3559,888,3160392,2.0,33,26,11571771,11571771
273020300,황혼의 페리온,풍화된 바위지대,191,2839,1575,4471425,2.5,40,40,18193577,18193577
273020400,황혼의 페리온,칼바람의 묘지,192,3290,1475,4852750,2.0,40,38,17534828,17534828
273020500,황혼의 페리온,적막한 북쪽 바위길,190,2570,1315,3379550,2.4,40,30,24633257,24633257
273020600,황혼의 페리온,먼지바람 협곡,192,2220,1047,2324340,2.6,27,26,22795388,22795388
273030000,황혼의 페리온,뜨거운 협곡,192,3380,1043,3525340,2.0,31,27,12458957,12458957
273030100,황혼의 페리온,타오르는 바위 언덕,192,3829,1014,3882606,1.8,32,25,11773191,11773191
273030200,황혼의 페리온,고열의 땅,193,3649,1105,4032145,2.0,37,31,14943942,14943942
273030300,황혼의 페리온,잿바람의 고원,194,3109,1430,4445870,2.0,40,27,13263634,13263634
273040000,황혼의 페리온,버려진 발굴지역 1,194,2029,1345,2729005,2.0,28,28,13754880,13754880
273040100,황혼의 페리온,버려진 발굴지역 2,195,3110,1038,3228180,1.7,24,27,12152571,13671642
273040200,황혼의 페리온,버려진 발굴지역 3,195,2930,1033,3026690,2.0,27,31,14017531,16094202
273040300,황혼의 페리온,버려진 발굴지역 4,196,1939,1765,3422335,1.8,35,30,15648942,15648942
273060000,황혼의 페리온,원혼의 땅 입구,196,2839,1200,3406800,1.8,29,21,10954260,10954260
273060100,황혼의 페리온,거친 황야,196,2840,1013,2876920,1.8,23,21,11184788,11184788
273060200,황혼의 페리온,거친 협곡,197,2749,1244,3419756,1.6,27,21,11430514,11430514
273060300,황혼의 페리온,전사들의 결전지,198,4369,1673,7309337,1.5,40,26,14405485,14405485
273060400,황혼의 페리온,발굴 중단지역,197,1940,1710,3317400,1.8,34,32,32649600,32649600
273060500,황혼의 페리온,폐쇄지역,198,3380,1553,5249140,1.5,40,35,36844800,36844800
280020000,아도비스의임무2,화산의숨결<1단계>,51,7040,595,4188800,0.3999999,13,3,5662,5662
300010000,엘린숲,이끼나무숲,98,1580,870,1374600,1.8,13,15,169594,195685
300010200,엘린숲,황폐한 땅,98,2400,695,1668000,1.8,20,11,143502,143502
300010400,엘린숲,바위산 입구,99,2390,690,1649100,0.9,10,8,107040,107040
300010410,엘린숲,바위산 동굴,99,2324,330,766920,0.9,9,6,80280,80280
300010420,엘린숲,동굴 깊은 곳,100,1340,330,442200,0.8,5,1,0,0
300020000,엘린숲,동굴 깊은 곳,99,1340,330,442200,0.8,5,4,53520,53520
300020200,엘린숲,버섯언덕 입구,98,1490,810,1206900,1.8,12,10,130457,130457
300020210,엘린숲,버섯언덕 중턱,98,1760,805,1416800,1.4,11,11,143502,143502
300030200,엘린숲,페어리의 숲1,100,1799,810,1457190,2.0,16,19,219565,260734
300030300,엘린숲,페어리의 숲2,100,1928,762,1469136,1.5,13,19,178397,260734
300030310,엘린숲,여왕의 은신처,102,1529,330,504570,1.0,7,1,0,0
301010000,크림슨우드 성채,역사의 진1,130,1760,1500,2640000,1.6,23,25,984925,1070571
301010100,크림슨우드 성채,역사의 진2,131,2777,1140,3165780,1.6,23,24,1027508,1072182
301020000,크림슨우드 성채,환술사의 진1,133,2570,1050,2698500,2.0,24,25,1403382,1461857
301020100,크림슨우드 성채,환술사의 진2,134,1760,1285,2261600,1.9,21,25,886680,1055571
301030000,크림슨우드 성채,추격자의 진1,135,1760,1405,2472800,1.8,23,25,1210062,1315285
301030100,크림슨우드 성채,추격자의 진2,136,1760,1290,2270400,1.9,21,25,1146420,1364785
301040000,크림슨우드 성채,약탈자의 진1,137,2300,1050,2415000,2.6,28,25,1414928,1414928
301040100,크림슨우드 성채,약탈자의 진2,138,2570,1290,3315300,1.5,25,25,1464642,1464642
301060000,크림슨우드 성채,간수의 영역,139,2480,1336,3313280,1.5,25,21,1302702,1302702
302010100,아리안트,핫사르의 하수인 호위,105,3920,330,1293600,0.5999999,11,9,0,0
302020200,엘린숲,엘린숲 침략지1,105,2300,760,1748000,1.4,15,15,337422,337422
302020300,엘린숲,엘린숲 침략지2,105,1760,1110,1953600,1.7,15,15,340714,340714
302020400,엘린숲,엘린숲 침략지3,107,1928,713,1374664,1.5,13,13,313071,313071
302020500,엘린숲,엘린숲 침략지4,107,1940,795,1542300,1.8,16,13,313731,313731
302030200,평온의 숲,평온의 숲 박쥐떼1,110,3020,706,2132120,2.999999,40,17,0,0
302030300,평온의 숲,평온의 숲 박쥐떼2,110,2930,1309,3835370,2.999999,40,17,0,0
302030400,평온의 숲,평온의 숲 박쥐떼3,110,2120,769,1630280,2.999999,29,16,0,0
302040100,평온의 숲,오로라 앞쪽 숲 1,110,2570,943,2423510,1.3,15,15,393300,393300
302040200,평온의 숲,오로라 앞쪽 숲 2,110,2570,719,1847830,1.0,12,16,314640,419520
302040300,평온의 숲,오로라 뒤쪽 숲 1,109,2570,720,1850400,1.3,15,12,0,0
302040400,평온의 숲,오로라 뒤쪽 숲 2,109,2570,1110,2852700,1.3,17,15,0,0
302050100,폭풍우치는 숲,하얀 마법사의 궤적 1,110,3020,695,2098900,2.999999,40,17,0,0
302050200,폭풍우치는 숲,하얀 마법사의 궤적 2,110,2930,1129,3307970,2.999999,40,17,0,0
302050300,폭풍우치는 숲,하얀 마법사의 궤적 3,110,2120,773,1638760,2.999999,29,14,0,0
303010100,리프레,태초의 숲1,110,1940,1165,2260100,2.999999,32,15,0,0
303010200,리프레,태초의 숲2,110,2120,930,1971600,2.999999,29,16,0,0
303010300,리프레,태초의 숲 3,110,1940,1105,2143700,2.999999,29,18,0,0
303020100,아쿠아로드,사파이어 빛 바다,105,2030,960,1948800,1.8,17,21,568223,701922
303020200,아쿠아로드,에메랄드 빛 바다,107,1564,1057,1653148,1.8,13,20,464322,714342
303020300,아쿠아로드,오닉스 빛 바다,109,979,1981,1939399,1.8,21,18,488614,488614
303030100,무릉,우거진 녹림의 땅,111,2119,934,1979146,1.8,17,14,562320,562320
303030200,무릉,비옥한 천년삼의 땅,112,2390,826,1974140,1.8,20,14,576960,576960
303030300,무릉,화사한 홍도의 땅,113,1940,1335,2589900,1.6,21,18,765720,765720
303040000,폐광,신비한 약초의 협곡,123,1040,2256,2346240,0.6999999,10,6,201085,201085
303050000,에레브,에레브 방어전1,110,1940,1064,2064160,2.999999,27,21,0,0
303050100,에레브,에레브 방어전2,110,2030,847,1719410,2.999999,28,25,0,0
303050200,에레브,에레브 방어전3,110,2120,930,1971600,2.999999,29,19,0,0
303090520,히든스트리트,"에베르 변방, 침입",110,2120,930,1971600,1.0,9,8,209760,209760
304010100,겔리메르 연구소,어두컴컴한 지하1,110,2030,481,976430,1.3,12,13,314640,340860
304010200,겔리메르 연구소,어두컴컴한 지하2,110,2030,546,1108380,1.3,12,13,314640,340860
304010300,겔리메르 연구소,위험한 구역,110,5450,681,3711450,1.0,25,19,0,0
304020100,겔리메르 연구소,습기찬 지하1,110,2030,541,1098230,1.2,11,15,288420,393300
304020200,겔리메르 연구소,습기찬 지하2,110,2570,546,1403220,1.0,12,18,314640,471960
304030100,레벤 광산,전력 돌파1,110,3020,543,1639860,2.0,28,15,0,0
304030200,레벤 광산,전력 돌파2,110,2840,543,1542120,2.0,26,18,0,0
304030300,레벤 광산,전력 돌파3,110,2840,543,1542120,2.0,26,16,0,0
304060100,위기의 에레브,에레브 탈환전1,110,1580,990,1564200,2.3,17,16,0,0
304060200,위기의 에레브,에레브 탈환전2,110,2030,930,1887900,2.5,23,21,0,0
304060300,위기의 에레브,에레브 탈환전3,110,2519,590,1486210,1.8,21,19,0,0
304070100,위기의 에레브,검은 마녀의 손길,115,2930,605,1772650,1.0,13,1,0,0
305000000,차원의 도서관,책장 너머의 엘린숲 1,105,2300,760,1748000,1.4,15,15,337422,337422
305000100,차원의 도서관,책장 너머의 엘린숲 2,107,1760,1110,1953600,1.7,15,14,336900,336900
305010000,차원의 도서관,책장 너머의 평온의 숲 1,110,2570,719,1847830,1.0,12,16,314640,419520
305010100,차원의 도서관,책장 너머의 평온의 숲 2,109,2570,720,1850400,1.3,15,14,0,0
306000100,엘나스 산맥,얼음골짜기1,110,1040,1935,2012400,1.7,20,18,471960,471960
306000200,엘나스 산맥,얼음골짜기3,110,1040,2346,2439840,1.5,23,16,419520,419520
306010100,사자왕의 성,성벽 아래,110,1940,810,1571400,1.8,16,11,288420,288420
306010300,사자왕의 성,성벽 아래2,110,2030,870,1766100,1.4,13,11,288420,288420
306010400,사자왕의 성,내성으로 가는 길,110,2057,690,1419330,1.4,13,17,0,0
306010500,사자왕의 성,내성으로 가는 길,110,2057,840,1727880,1.5,14,15,0,0
306010600,사자왕의 성,내성으로 가는 길,110,2030,810,1644300,1.5,14,17,0,0
306010700,사자왕의 성,내성으로 가는 길,110,2030,750,1522500,1.5,14,19,0,0
306020100,쓸쓸한 벌판,피난길,110,2127,745,1584615,1.0,9,19,0,0
306020200,쓸쓸한 벌판,피난길,110,2127,745,1584615,1.0,9,19,0,0
306020300,쓸쓸한 벌판,피난길,110,1850,805,1489250,1.0,8,18,0,0
306030100,관문,관문 서측,110,1940,1170,2269800,1.2,13,19,340860,498180
306030200,관문,관문 동측,110,2145,1402,3007290,1.2,19,19,498180,498180
306040000,관문 뒷길,설산1,110,1040,2232,2321280,1.4,20,12,314640,314640
306040100,관문 뒷길,설산2,110,1040,1992,2071680,1.5,18,17,445740,445740
307000010,그림자 마을,필드 1-A-2,20,1731,645,1116495,1.5,12,12,3600,3600
307000130,그림자 마을,연구실 창고1,94,880,1268,1115840,2.899999,16,16,186240,186240
307000140,그림자 마을,연구실 창고2,95,880,1268,1115840,2.999999,16,18,191862,215845
307000201,그림자 마을,필드 2-A-2,21,1735,640,1110400,2.0,16,12,4525,4525
307000221,그림자 마을,필드 2-B-2,55,2171,754,1636934,2.0,20,20,32057,32057
307000231,그림자 마을,필드 2-C-2,0,2171,760,1649960,2.0,20,19,0,0
307000240,그림자 마을,달맞이 언덕,0,1733,418,724394,1.5,12,8,0,0
307000310,그림자 신전,먼지 쌓인 복도1,190,2214,543,1202202,1.0,10,8,0,0
307000320,그림자 신전,먼지 쌓인 복도2,190,2214,543,1202202,1.0,10,8,0,0
307000330,그림자 신전,먼지 쌓인 복도3,190,2214,543,1202202,1.0,10,8,0,0
307090020,그림자 마을,그림자 마을,0,3489,725,2529525,1.0,16,2,0,0
308000100,샤레니안 어딘가,두더지 계곡,100,1580,816,1289280,2.899999,21,16,0,0
308000110,샤레니안 어딘가,두더지 계곡,100,1580,900,1422000,2.899999,21,18,0,0
308000120,샤레니안 어딘가,두더지 계곡,100,1596,900,1436400,2.899999,21,19,0,0
308000130,샤레니안 어딘가,두더지 언덕길,100,1580,560,884800,2.899999,21,16,0,0
308000140,샤레니안 어딘가,두더지 언덕길,100,1580,564,891120,2.899999,21,19,0,0
308000150,샤레니안 어딘가,두더지 언덕길,100,1580,690,1090200,2.899999,21,19,0,0
308000160,샤레니안 어딘가,왕궁 외부 통로,100,2539,603,1531017,1.0,11,10,0,0
308000180,샤레니안 어딘가,왕궁 외부 통로,100,2539,565,1434535,1.0,11,10,0,0
308000200,샤레니안 어딘가,왕궁 내부 통로,100,1698,697,1183506,2.899999,23,12,0,0
308000220,샤레니안 어딘가,왕궁 내부 통로,100,1988,658,1308104,2.899999,27,12,0,0
308000230,샤레니안 어딘가,왕궁 내부 통로,100,1700,643,1093100,2.899999,23,12,0,0
308000240,샤레니안 어딘가,왕궁 내부 통로,100,1700,656,1115200,2.899999,23,12,0,0
308000260,샤레니안 어딘가,해지는 왕좌,100,1334,424,565616,1.0,6,9,1800,2700
308000270,샤레니안 어딘가,왕궁 외부 통로,100,2539,621,1576719,1.0,11,10,0,0
308000280,샤레니안 어딘가,왕궁 외부 통로,100,2539,590,1498010,1.3,15,12,0,0
308000290,샤레니안 어딘가,왕궁 외부 통로,100,2539,590,1498010,2.899999,34,12,0,0
308000300,샤레니안 어딘가,왕궁 외부 통로,100,2539,601,1525939,1.0,11,10,0,0
308000310,샤레니안 어딘가,왕궁 내부 통로,100,1700,643,1093100,2.899999,23,12,0,0
308000320,샤레니안 어딘가,지하수로,100,1710,613,1048230,2.899999,23,12,0,0
308000330,샤레니안 어딘가,왕궁 외부 통로,100,1701,658,1119258,2.899999,23,12,0,0
308000340,샤레니안 어딘가,왕궁 외부 통로,100,1995,657,1310715,2.899999,27,12,0,0
308000350,샤레니안 어딘가,왕궁 외부 통로,100,1700,643,1093100,2.899999,23,12,0,0
308000360,샤레니안 어딘가,지하수로,100,1710,618,1056780,2.899999,23,12,0,0
308000370,샤레니안 어딘가,지하수로,100,1710,613,1048230,2.899999,23,12,0,0
308000380,샤레니안 어딘가,지하수로,100,1710,613,1048230,2.899999,23,12,0,0
308000390,샤레니안 어딘가,지하수로,100,1710,613,1048230,2.899999,23,12,0,0
308000400,샤레니안 어딘가,지하수로,100,1710,628,1073880,2.899999,23,11,0,0
308000410,샤레니안 어딘가,지하수로,100,1710,613,1048230,2.899999,23,12,0,0
308000420,샤레니안 어딘가,해지는 왕좌,100,1333,424,565192,1.0,6,9,1800,2700
309000038,세피로트,세피로트 외곽 동쪽,105,2657,867,2303619,4.299998,40,11,243822,243822
309000039,세피로트,세피로트 외곽 서쪽,105,2657,852,2263764,4.299998,40,12,265988,265988
309000040,세피로트,세피로트 외곽 북쪽,105,2657,852,2263764,4.299998,40,11,243822,243822
310010100,레지스탕스 본부,트레이닝 룸 A,10,2353,565,1329445,1.6,17,16,2331,2331
310010200,레지스탕스 본부,트레이닝 룸 B,11,2352,565,1328880,1.6,17,10,1628,1628
310010300,레지스탕스 본부,트레이닝 룸 C,12,2352,565,1328880,1.6,17,12,2160,2160
310010400,레지스탕스 본부,트레이닝 룸 D,13,2352,565,1328880,1.2,13,14,2451,2640
310020000,콘크리트 로드,에델슈타인 공원1,5,1400,925,1295000,1.5,9,12,617,822
310020100,콘크리트 로드,에델슈타인 공원2,6,1400,985,1379000,1.5,9,10,771,857
310020200,콘크리트 로드,에델슈타인 공원3,8,1400,985,1379000,1.5,9,9,1157,1157
310030000,콘크리트 로드,에델슈타인 산책로1,14,1940,805,1561700,1.8,16,13,2674,2674
310030100,콘크리트 로드,에델슈타인 산책로2,16,2030,865,1755950,1.8,17,14,3360,3360
310030110,콘크리트 로드,뱀 나오는 길,18,1580,865,1366700,1.8,13,13,3565,3565
310030200,콘크리트 로드,에델슈타인 산책로3,20,2030,925,1877750,1.4,13,12,3600,3600
310030300,콘크리트 로드,에델슈타인 산책로4,22,2570,925,2377250,1.4,16,15,5014,5014
310030310,콘크리트 로드,가로등길,25,2030,565,1146950,1.6,15,12,5451,5451
310040000,드라이 로드,광산 가는 길1,28,2602,1165,3031330,1.5,21,18,9874,9874
310040100,드라이 로드,광산 가는 길2,31,2030,925,1877750,1.5,14,16,9240,10560
310040300,드라이 로드,바위길,33,2030,625,1268750,1.6,15,14,10320,10320
310040400,드라이 로드,광석길,35,2030,925,1877750,1.6,15,12,9771,9771
310050200,레벤 광산,갱도 입구1,61,2030,543,1102290,1.4,13,10,21000,21000
310050300,레벤 광산,갱도 입구2,61,2030,543,1102290,1.4,13,12,25200,25200
310050500,레벤 광산,갱도1,63,2030,543,1102290,1.4,13,10,22800,22800
310050510,레벤 광산,너구리 소굴,63,2030,543,1102290,1.5,14,10,22800,22800
310050520,레벤 광산,위험한 너구리 소굴,63,2570,543,1395510,1.6,19,7,15960,15960
310050600,레벤 광산,갱도2,65,2030,543,1102290,1.5,14,10,24771,24771
310050700,레벤 광산,갱도3,65,2030,543,1102290,1.5,14,16,34680,39634
310050800,레벤 광산,갱도4,65,2030,543,1102290,1.5,14,11,27248,27248
310060100,겔리메르 연구소,안드로이드 연구소1,69,2030,541,1098230,1.5,14,11,32245,32245
310060110,겔리메르 연구소,안드로이드 연구소2,69,2030,546,1108380,1.6,15,13,38108,38108
310060120,겔리메르 연구소,안드로이드 연구소3,69,2570,546,1403220,1.7,20,12,35177,35177
310060200,겔리메르 연구소,방어 시스템 연구소1,67,2030,481,976430,1.5,14,7,18960,18960
310060210,겔리메르 연구소,방어 시스템 연구소2,67,2030,546,1108380,1.6,15,9,24377,24377
310060220,겔리메르 연구소,방어 시스템 연구소3,67,2030,546,1108380,1.7,16,8,21668,21668
310060300,겔리메르 연구소,깊은 갱도,69,2030,546,1108380,1.6,15,11,32245,32245
310070100,기계무덤,기계무덤 입구,200,3695,1110,4101450,1.6,30,23,12972985,12972985
310070110,기계무덤,기계무덤 언덕1,200,4280,870,3723600,2.1,40,26,14973257,14973257
310070120,기계무덤,기계무덤 언덕2,202,3920,1050,4116000,2.2,40,27,16061142,16061142
310070130,기계무덤,기계무덤 언덕3,204,3200,1050,3360000,2.4,36,25,15697928,15697928
310070140,기계무덤,기계무덤 언덕4,204,2840,810,2300400,2.7,35,17,10897971,10897971
310070150,기계무덤,기계무덤 공터,208,2750,390,1072500,1.6,20,15,10410171,10410171
310070160,기계무덤,기계무덤 언덕5,208,3110,813,2528430,1.6,23,21,14852708,14852708
310070200,스카이라인,스카이라인 올라가는 길,213,3110,1163,3616930,1.0,17,20,13295066,13604442
310070210,스카이라인,스카이라인1,213,2585,1006,2600510,1.1,13,19,10073803,12699179
310070220,스카이라인,스카이라인 가장자리,214,2435,1050,2556750,1.4,15,16,10707753,10707753
310070230,스카이라인,스카이라인2,213,2585,1706,4410010,1.5,38,23,15953716,15953716
310070300,블랙헤븐 갑판,블랙헤븐 갑판1,213,3984,1734,6908256,1.6,40,24,16438553,16438553
310070310,블랙헤븐 갑판,블랙헤븐 입구,214,4000,932,3728000,1.6,30,35,23961572,24805117
310070320,블랙헤븐 갑판,블랙헤븐 갑판2,215,2530,1046,2646380,1.8,21,26,17165160,18028460
310070330,블랙헤븐 갑판,블랙헤븐 갑판3,215,3389,1272,4310808,1.6,34,33,23750180,23750180
310070400,블랙헤븐,블랙헤븐 교차로1,216,2440,1155,2818200,1.8,24,35,16692944,24343877
310070410,블랙헤븐,블랙헤븐 내부 미로1,216,2361,1151,2717511,1.7,21,43,15576877,31895511
310070420,블랙헤븐,블랙헤븐 내부 미로2,217,1814,1409,2555926,1.7,23,32,3683897,5125422
310070430,블랙헤븐,블랙헤븐 내부 미로3,217,1760,1174,2066240,1.8,17,34,3887974,7775948
310070440,블랙헤븐,블랙헤븐 교차로2,218,2062,1176,2424912,1.8,21,33,3883472,6102600
310070450,블랙헤븐,블랙헤븐 내부 미로4,218,1977,1650,3262050,1.7,31,33,7896280,7896280
310070460,블랙헤븐,블랙헤븐 내부 미로5,219,2266,1574,3566684,1.6,31,35,5882730,6266300
310070470,블랙헤븐,블랙헤븐 교차로3,219,2285,1768,4039880,1.8,40,43,8053586,8062037
310070480,블랙헤븐,블랙헤븐 내부 미로6,219,3111,1451,4514061,1.7,40,50,11407810,13411688
310070490,블랙헤븐,블랙헤븐 내부 미로7,219,2300,2004,4609200,1.5,40,37,7157908,7157908
321110000,미나르 서쪽 숲,미나르 서쪽 숲<1>,102,2210,835,1845350,10.0,40,18,0,0
321111000,미나르 서쪽 숲,미나르 서쪽 숲<2>,102,2840,505,1434200,10.0,40,18,0,0
321112000,미나르 서쪽 숲,미나르 서쪽 숲<3>,102,1670,1165,1945550,10.0,40,18,0,0
321113000,미나르 서쪽 숲,미나르 서쪽 숲<4>,102,1940,985,1910900,10.0,40,18,0,0
321114000,미나르 서쪽 숲,미나르 서쪽 숲<5>,102,2210,835,1845350,10.0,40,18,0,0
321115000,미나르 서쪽 숲,미나르 서쪽 숲<6>,102,2210,835,1845350,10.0,40,18,0,0
321116000,미나르 서쪽 숲,미나르 서쪽 숲<7>,102,1400,895,1253000,10.0,40,17,0,0
321120000,미나르 동쪽 숲,미나르 동쪽 숲<1>,104,1850,750,1387500,10.0,40,18,0,0
321121000,미나르 동쪽 숲,미나르 동쪽 숲<2>,104,1850,827,1529950,10.0,40,18,0,0
321122000,미나르 동쪽 숲,미나르 동쪽 숲<3>,104,1400,1105,1547000,10.0,40,18,0,0
321123000,미나르 동쪽 숲,미나르 동쪽 숲<4>,104,2210,1165,2574650,10.0,40,18,0,0
321124000,미나르 동쪽 숲,미나르 동쪽 숲<5>,104,3290,685,2253650,10.0,40,18,0,0
321125000,미나르 동쪽 숲,미나르 동쪽 숲<6>,104,2120,985,2088200,10.0,40,18,0,0
321126000,미나르 서쪽 숲,미나르 서쪽 숲<7>,104,2300,1165,2679500,10.0,40,18,0,0
321130000,황혼의 숲,황혼의 숲<1>,106,2030,985,1999550,10.0,40,18,0,0
321131000,황혼의 숲,황혼의 숲<2>,106,2390,985,2354150,10.0,40,18,0,0
321132000,황혼의 숲,황혼의 숲<3>,106,2120,1105,2342600,10.0,40,18,0,0
321133000,황혼의 숲,황혼의 숲<4>,106,1940,1255,2434700,10.0,40,18,0,0
321134000,황혼의 숲,황혼의 숲<5>,108,2120,1165,2469800,10.0,40,18,0,0
321135000,황혼의 숲,황혼의 숲<6>,108,1410,1442,2033220,10.0,40,18,0,0
321136000,황혼의 숲,황혼의 숲<7>,107,2300,870,2001000,10.0,40,17,0,0
321140000,와이번의 계곡,와이번의 계곡<1>,108,1564,1751,2738564,10.0,40,18,0,0
321141000,와이번의 계곡,와이번의 계곡<2>,108,2362,1341,3167442,10.0,40,18,0,0
321142000,와이번의 계곡,와이번의 계곡<3>,106,1560,1602,2499120,10.0,40,18,0,0
321143000,와이번의 계곡,와이번의 계곡<4>,106,3165,1005,3180825,10.0,40,18,0,0
321144000,와이번의 계곡,와이번의 계곡<5>,106,2361,1688,3985368,10.0,40,18,0,0
321145000,와이번의 계곡,와이번의 계곡<6>,108,2363,1448,3421624,10.0,40,17,0,0
321146000,와이번의 계곡,와이번의 계곡<7>,108,1560,759,1184040,10.0,40,17,0,0
322010000,아리안트,아리안트 서문 밖 <1>,112,2390,805,1923950,10.0,40,18,0,0
322011000,아리안트,아리안트 서문 밖 <2>,112,2390,805,1923950,10.0,40,18,0,0
322012000,아리안트,아리안트 서문 밖 <3>,112,1940,1045,2027300,10.0,40,18,0,0
322013000,아리안트,아리안트 서문 밖 <4>,112,2840,745,2115800,10.0,40,18,0,0
322014000,아리안트,아리안트 서문 밖 <5>,112,1850,1045,1933250,10.0,40,18,0,0
322015000,아리안트,아리안트 서문 밖 <6>,112,1850,1045,1933250,10.0,40,18,0,0
322016000,아리안트,아리안트 서문 밖 <7>,112,1670,985,1644950,10.0,40,18,0,0
322020000,아리안트,아리안트 동문 밖 <1>,114,1490,740,1102600,10.0,40,18,0,0
322021000,아리안트,아리안트 동문 밖 <2>,114,1490,925,1378250,10.0,40,18,0,0
322022000,아리안트,아리안트 동문 밖 <3>,114,1940,685,1328900,10.0,40,18,0,0
322023000,아리안트,아리안트 동문 밖 <4>,114,1940,685,1328900,10.0,40,18,0,0
322024000,아리안트,아리안트 동문 밖 <5>,114,1670,925,1544750,10.0,40,18,0,0
322025000,아리안트,아리안트 동문 밖 <6>,114,2210,625,1381250,10.0,40,18,0,0
322026000,아리안트,아리안트 동문 밖 <7>,114,2210,325,718250,10.0,40,18,0,0
322030000,아리안트,아리안트 북문 밖 <1>,116,2030,745,1512350,1.5,14,18,0,0
322031000,아리안트,아리안트 북문 밖 <2>,116,1670,745,1244150,1.5,11,18,0,0
322032000,아리안트,아리안트 북문 밖 <3>,116,2030,745,1512350,1.5,14,18,0,0
322033000,아리안트,아리안트 북문 밖 <4>,116,2030,745,1512350,1.5,14,18,0,0
322034000,아리안트,아리안트 북문 밖 <5>,116,1400,865,1211000,1.5,9,18,0,0
322035000,아리안트,아리안트 북문 밖 <6>,116,2120,805,1706600,1.5,14,18,0,0
322036000,아리안트,아리안트 북문 밖 <7>,116,1490,685,1020650,1.5,10,18,0,0
322040000,아리안트,피라미드 <1>,118,1670,480,801600,10.0,40,18,0,0
322041000,아리안트,피라미드 <2>,118,1400,865,1211000,10.0,40,18,0,0
322042000,아리안트,피라미드 <3>,118,1400,865,1211000,10.0,40,18,0,0
322043000,아리안트,피라미드 <4>,118,1400,865,1211000,10.0,40,18,0,0
322044000,아리안트,피라미드 <5>,118,1400,865,1211000,10.0,40,18,0,0
322045000,아리안트,피라미드 <6>,118,1400,865,1211000,10.0,40,18,0,0
322046000,아리안트,피라미드 <7>,118,1400,865,1211000,10.0,40,18,0,0
322090310,니할사막,전갈잡기 대회장,0,2300,685,1575500,1.3,14,8,0,0
323010000,헤네시스,작은 버섯 동산 <1>,122,1490,1165,1735850,10.0,40,18,0,0
323011000,헤네시스,작은 버섯 동산 <2>,122,2570,925,2377250,10.0,40,18,0,0
323012000,헤네시스,작은 버섯 동산 <3>,122,1760,1050,1848000,10.0,40,18,0,0
323013000,헤네시스,작은 버섯 동산 <4>,122,2120,925,1961000,10.0,40,18,0,0
323014000,헤네시스,작은 버섯 동산 <5>,122,1580,985,1556300,10.0,40,18,0,0
323015000,헤네시스,작은 버섯 동산 <6>,122,1760,805,1416800,10.0,40,18,0,0
323016000,헤네시스,작은 버섯 동산 <7>,122,1850,1165,2155250,10.0,40,18,0,0
323020000,헤네시스,골렘의 점령지 <1>,124,2210,754,1666340,10.0,40,18,0,0
323021000,헤네시스,골렘의 점령지 <2>,124,2249,805,1810445,10.0,40,18,0,0
323022000,헤네시스,골렘의 점령지 <3>,124,1580,1165,1840700,10.0,40,18,0,0
323023000,헤네시스,골렘의 점령지 <4>,124,2120,985,2088200,10.0,40,18,0,0
323024000,헤네시스,골렘의 점령지 <5>,124,2480,565,1401200,10.0,40,18,0,0
323025000,헤네시스,골렘의 점령지 <6>,124,2210,745,1646450,10.0,40,18,0,0
323026000,헤네시스,골렘의 점령지 <7>,124,2030,909,1845270,10.0,40,18,0,0
323030000,헤네시스,금빛 해안가 <1>,126,2361,586,1383546,10.0,40,18,0,0
323031000,헤네시스,금빛 해안가 <2>,126,2361,886,2091846,10.0,40,18,0,0
323032000,헤네시스,금빛 해안가 <3>,126,2361,706,1666866,10.0,40,18,0,0
323033000,헤네시스,금빛 해안가 <4>,126,2361,826,1950186,10.0,40,18,0,0
323034000,헤네시스,금빛 해안가 <5>,126,2361,706,1666866,10.0,40,18,0,0
323035000,헤네시스,금빛 해안가 <6>,126,2361,646,1525206,10.0,40,18,0,0
323036000,헤네시스,금빛 해안가 <7>,126,2390,745,1780550,10.0,40,18,0,0
323040000,헤네시스,잠자는 숲 깊은 곳 <1>,128,2122,739,1568158,10.0,40,18,0,0
323041000,헤네시스,잠자는 숲 깊은 곳 <2>,128,2122,745,1580890,10.0,40,18,0,0
323042000,헤네시스,잠자는 숲 깊은 곳 <3>,128,2032,895,1818640,10.0,40,18,0,0
323043000,헤네시스,잠자는 숲 깊은 곳 <4>,128,2212,1015,2245180,10.0,40,18,0,0
323044000,헤네시스,잠자는 숲 깊은 곳 <5>,128,2124,771,1637604,10.0,40,18,0,0
323045000,헤네시스,잠자는 숲 깊은 곳 <6>,128,1942,907,1761394,10.0,40,18,0,0
323046000,헤네시스,잠자는 숲 깊은 곳 <7>,128,2032,778,1580896,10.0,40,18,0,0
324010000,무릉,선인들의 수련장 <1>,131,1582,967,1529794,10.0,40,18,0,0
324011000,무릉,선인들의 수련장 <2>,131,2120,805,1706600,10.0,40,18,0,0
324012000,무릉,선인들의 수련장 <3>,131,2105,930,1957650,10.0,40,18,0,0
324013000,무릉,선인들의 수련장 <4>,131,2666,683,1820878,10.0,40,18,0,0
324014000,무릉,선인들의 수련장 <5>,131,1946,982,1910972,10.0,40,18,0,0
324015000,무릉,선인들의 수련장 <6>,131,2378,1046,2487388,10.0,40,18,0,0
324016000,무릉,선인들의 수련장 <7>,131,1941,1168,2267088,10.0,40,18,0,0
324020000,무릉,하늘 숲 <1>,133,2120,930,1971600,10.0,40,18,0,0
324021000,무릉,하늘 숲 <2>,133,1670,1285,2145950,10.0,40,18,0,0
324022000,무릉,하늘 숲 <3>,133,2030,1105,2243150,10.0,40,18,0,0
324023000,무릉,하늘 숲 <4>,133,2030,1110,2253300,10.0,40,18,0,0
324024000,무릉,하늘 숲 <5>,133,1940,1038,2013720,10.0,40,18,0,0
324025000,무릉,하늘 숲 <6>,133,2210,1110,2453100,10.0,40,18,0,0
324026000,무릉,하늘 숲 <7>,133,2390,925,2210750,10.0,40,18,0,0
324030000,무릉,곰의 영역 <1>,135,1670,1108,1850360,10.0,40,18,0,0
324031000,무릉,곰의 영역 <2>,135,1940,865,1678100,10.0,40,18,0,0
324032000,무릉,곰의 영역 <3>,135,1850,1045,1933250,10.0,40,18,0,0
324033000,무릉,곰의 영역 <4>,135,1940,1165,2260100,10.0,40,18,0,0
324034000,무릉,곰의 영역 <5>,135,1940,925,1794500,10.0,40,18,0,0
324035000,무릉,곰의 영역 <6>,135,2120,1045,2215400,10.0,40,18,0,0
324036000,무릉,곰의 영역 <7>,135,1670,958,1599860,10.0,40,18,0,0
324040000,무릉,약초밭 <1>,137,1542,920,1418640,10.0,40,18,0,0
324041000,무릉,약초밭 <2>,137,1542,1025,1580550,10.0,40,18,0,0
324042000,무릉,약초밭 <3>,137,1654,840,1389360,10.0,40,18,0,0
324043000,무릉,약초밭 <4>,137,1651,860,1419860,10.0,40,18,0,0
324044000,무릉,약초밭 <5>,137,1540,1023,1575420,10.0,40,18,0,0
324045000,무릉,약초밭 <6>,137,1440,937,1349280,10.0,40,18,0,0
324046000,무릉,약초밭 <7>,137,2071,1035,2143485,10.0,40,18,0,0
324050000,무릉,해적단의 소굴 <1>,139,1874,1074,2012676,10.0,40,18,0,0
324051000,무릉,해적단의 소굴 <2>,139,2397,1014,2430558,10.0,40,18,0,0
324052000,무릉,해적단의 소굴 <3>,139,1967,935,1839145,10.0,40,18,0,0
324053000,무릉,해적단의 소굴 <4>,139,1657,1146,1898922,10.0,40,18,0,0
324054000,무릉,해적단의 소굴 <5>,139,1568,1125,1764000,10.0,40,18,0,0
324055000,무릉,해적단의 소굴 <6>,139,1568,781,1224608,10.0,40,18,0,0
324056000,무릉,해적단의 소굴 <7>,139,1555,945,1469475,10.0,40,18,0,0
324090030,무릉도원,노공의 수련장,0,2570,1135,2916950,1.8,24,9,0,0
325010000,에델슈타인,가로등 거리 <1>,142,2120,805,1706600,10.0,40,18,0,0
325011000,에델슈타인,가로등 거리 <2>,142,2210,745,1646450,10.0,40,18,0,0
325012000,에델슈타인,가로등 거리 <3>,142,2120,685,1452200,10.0,40,18,0,0
325013000,에델슈타인,가로등 거리 <4>,142,2210,925,2044250,10.0,40,18,0,0
325014000,에델슈타인,가로등 거리 <5>,142,2212,625,1382500,10.0,40,18,0,0
325015000,에델슈타인,가로등 거리 <6>,142,2120,685,1452200,10.0,40,18,0,0
325016000,에델슈타인,가로등 거리 <7>,142,2120,685,1452200,10.0,40,18,0,0
325020000,에델슈타인,험준한 바위산 <1>,144,2120,925,1961000,10.0,40,18,0,0
325021000,에델슈타인,험준한 바위산 <2>,144,1580,925,1461500,10.0,40,18,0,0
325022000,에델슈타인,험준한 바위산 <3>,144,2480,685,1698800,10.0,40,18,0,0
325023000,에델슈타인,험준한 바위산 <4>,144,2032,745,1513840,10.0,40,18,0,0
325024000,에델슈타인,험준한 바위산 <5>,144,2030,625,1268750,10.0,40,18,0,0
325025000,에델슈타인,험준한 바위산 <6>,144,1580,930,1469400,10.0,40,18,0,0
325026000,에델슈타인,험준한 바위산 <7>,144,1400,925,1295000,10.0,40,18,0,0
325030000,에델슈타인,루 광산 깊은 곳 <1>,146,2300,543,1248900,10.0,40,18,0,0
325031000,에델슈타인,루 광산 깊은 곳 <2>,146,2480,543,1346640,10.0,40,18,0,0
325032000,에델슈타인,루 광산 깊은 곳 <3>,146,2570,543,1395510,10.0,40,18,0,0
325033000,에델슈타인,루 광산 깊은 곳 <4>,146,1940,510,989400,10.0,40,18,0,0
325034000,에델슈타인,루 광산 깊은 곳 <5>,146,2030,543,1102290,10.0,40,18,0,0
325035000,에델슈타인,루 광산 깊은 곳 <6>,146,2030,543,1102290,10.0,40,18,0,0
325036000,에델슈타인,루 광산 깊은 곳 <7>,146,2570,543,1395510,10.0,40,18,0,0
325040000,에델슈타인,광산 경비 지역 <1>,148,1940,570,1105800,10.0,40,18,0,0
325041000,에델슈타인,광산 경비 지역 <2>,148,2030,541,1098230,10.0,40,18,0,0
325042000,에델슈타인,광산 경비 지역 <3>,148,2030,546,1108380,10.0,40,18,0,0
325043000,에델슈타인,광산 경비 지역 <4>,148,2570,546,1403220,10.0,40,18,0,0
325044000,에델슈타인,광산 경비 지역 <5>,148,2570,421,1081970,10.0,40,18,0,0
325045000,에델슈타인,광산 경비 지역 <6>,148,2120,546,1157520,10.0,40,18,0,0
325046000,에델슈타인,광산 경비 지역 <7>,148,2570,546,1403220,10.0,40,18,0,0
326010000,마가티아,제뉴미스트의 실험실 A <1>,152,2165,577,1249205,10.0,40,18,0,0
326011000,마가티아,제뉴미스트의 실험실 A <2>,152,3266,328,1071248,10.0,40,18,0,0
326012000,마가티아,제뉴미스트의 실험실 A <3>,152,2120,328,695360,10.0,40,18,0,0
326013000,마가티아,제뉴미스트의 실험실 A <4>,152,1428,857,1223796,10.0,40,18,0,0
326014000,마가티아,제뉴미스트의 실험실 A <5>,152,2156,418,901208,10.0,40,18,0,0
326015000,마가티아,제뉴미스트의 실험실 A <6>,152,2402,399,958398,10.0,40,18,0,0
326016000,마가티아,제뉴미스트의 실험실 A <7>,152,2402,419,1006438,10.0,40,18,0,0
326020000,마가티아,알카드노의 실험실 A <1>,154,2239,422,944858,10.0,40,18,0,0
326021000,마가티아,알카드노의 실험실 A <2>,154,1574,958,1507892,10.0,40,18,0,0
326022000,마가티아,알카드노의 실험실 A <3>,154,1567,825,1292775,10.0,40,18,0,0
326023000,마가티아,알카드노의 실험실 A <4>,154,2772,295,817740,10.0,40,18,0,0
326024000,마가티아,알카드노의 실험실 A <5>,154,2772,436,1208592,10.0,40,18,0,0
326025000,마가티아,알카드노의 실험실 A <6>,154,1969,405,797445,10.0,40,18,0,0
326026000,마가티아,알카드노의 실험실 A <7>,154,1567,431,675377,10.0,40,18,0,0
326030000,마가티아,제뉴미스트의 실험실 B <1>,156,2165,229,495785,10.0,40,18,0,0
326031000,마가티아,제뉴미스트의 실험실 B <2>,156,2166,579,1254114,10.0,40,18,0,0
326032000,마가티아,제뉴미스트의 실험실 B <3>,156,1881,917,1724877,10.0,40,18,0,0
326033000,마가티아,제뉴미스트의 실험실 B <4>,156,2121,398,844158,10.0,40,18,0,0
326034000,마가티아,제뉴미스트의 실험실 B <5>,156,2121,925,1961925,10.0,40,18,0,0
326035000,마가티아,제뉴미스트의 실험실 B <6>,156,3346,385,1288210,10.0,40,18,0,0
326036000,마가티아,제뉴미스트의 실험실 B <7>,156,2402,414,994428,10.0,40,18,0,0
326040000,마가티아,알카드노의 실험실 B <1>,158,2238,382,854916,10.0,40,18,0,0
326041000,마가티아,알카드노의 실험실 B <2>,158,1574,858,1350492,10.0,40,18,0,0
326042000,마가티아,알카드노의 실험실 B <3>,158,2235,447,999045,10.0,40,18,0,0
326043000,마가티아,알카드노의 실험실 B <4>,158,2782,476,1324232,10.0,40,18,0,0
326044000,마가티아,알카드노의 실험실 B <5>,158,2774,431,1195594,10.0,40,18,0,0
326045000,마가티아,알카드노의 실험실 B <6>,158,1971,412,812052,10.0,40,18,0,0
326046000,마가티아,알카드노의 실험실 B <7>,158,1569,517,811173,10.0,40,18,0,0
327010000,루디브리엄,장난감 공장 <1>,162,2390,477,1140030,10.0,40,18,0,0
327011000,루디브리엄,장난감 공장 <2>,162,2390,477,1140030,10.0,40,18,0,0
327012000,루디브리엄,장난감 공장 <3>,162,2390,477,1140030,10.0,40,18,0,0
327013000,루디브리엄,장난감 공장 <4>,162,2390,477,1140030,10.0,40,18,0,0
327014000,루디브리엄,장난감 공장 <5>,162,2390,477,1140030,10.0,40,18,0,0
327015000,루디브리엄,장난감 공장 <6>,162,2750,472,1298000,10.0,40,18,0,0
327016000,루디브리엄,장난감 공장 <7>,162,2750,472,1298000,10.0,40,18,0,0
327020000,루디브리엄,시계탑 내부 <1>,164,1557,1151,1792107,10.0,40,18,0,0
327021000,루디브리엄,시계탑 내부 <2>,164,1647,928,1528416,10.0,40,18,0,0
327022000,루디브리엄,시계탑 내부 <3>,164,1377,887,1221399,10.0,40,18,0,0
327023000,루디브리엄,시계탑 내부 <4>,164,1377,1045,1438965,10.0,40,18,0,0
327024000,루디브리엄,시계탑 내부 <5>,164,1737,865,1502505,10.0,40,18,0,0
327025000,루디브리엄,시계탑 내부 <6>,164,1377,1126,1550502,10.0,40,18,0,0
327026000,루디브리엄,시계탑 내부 <7>,164,1377,989,1361853,10.0,40,18,0,0
327030000,루디브리엄,시계탑 하층 <1>,166,2116,1211,2562476,10.0,40,18,0,0
327031000,루디브리엄,시계탑 하층 <2>,166,1701,912,1551312,10.0,40,18,0,0
327032000,루디브리엄,시계탑 하층 <3>,166,2116,1050,2221800,10.0,40,18,0,0
327033000,루디브리엄,시계탑 하층 <4>,166,1852,1167,2161284,10.0,40,18,0,0
327034000,루디브리엄,시계탑 하층 <5>,166,1852,1167,2161284,10.0,40,18,0,0
327035000,루디브리엄,시계탑 하층 <6>,166,1843,1097,2021771,10.0,40,18,0,0
327036000,루디브리엄,시계탑 하층 <7>,166,1843,1077,1984911,10.0,40,18,0,0
327040000,루디브리엄,시계탑 최하층 <1>,168,1450,1194,1731300,10.0,40,18,0,0
327041000,루디브리엄,시계탑 최하층 <2>,168,1447,1088,1574336,10.0,40,18,0,0
327042000,루디브리엄,시계탑 최하층 <3>,168,1748,1088,1901824,10.0,40,18,0,0
327043000,루디브리엄,시계탑 최하층 <4>,168,1748,1128,1971744,10.0,40,18,0,0
327044000,루디브리엄,시계탑 최하층 <5>,168,1454,1024,1488896,10.0,40,18,0,0
327045000,루디브리엄,시계탑 최하층 <6>,168,2004,997,1997988,10.0,40,18,0,0
327046000,루디브리엄,시계탑 최하층 <7>,168,1454,955,1388570,10.0,40,18,0,0
328010000,시간의 신전,추억의 길 <1>,173,1962,621,1218402,10.0,40,18,0,0
328011000,시간의 신전,추억의 길 <2>,173,1962,621,1218402,10.0,40,18,0,0
328012000,시간의 신전,추억의 길 <3>,173,1536,1296,1990656,10.0,40,18,0,0
328013000,시간의 신전,추억의 길 <4>,173,1535,1032,1584120,10.0,40,18,0,0
328014000,시간의 신전,추억의 길 <5>,173,1535,1032,1584120,10.0,40,18,0,0
328015000,시간의 신전,추억의 길 <6>,173,1968,1023,2013264,10.0,40,18,0,0
328016000,시간의 신전,추억의 길 <7>,173,1968,1023,2013264,10.0,40,18,0,0
328020000,시간의 신전,후회의 길 <1>,176,2154,690,1486260,10.0,40,18,0,0
328021000,시간의 신전,후회의 길 <2>,176,2155,644,1387820,10.0,40,18,0,0
328022000,시간의 신전,후회의 길 <3>,176,2156,1098,2367288,10.0,40,18,0,0
328023000,시간의 신전,후회의 길 <4>,176,1930,644,1242920,10.0,40,18,0,0
328024000,시간의 신전,후회의 길 <5>,176,1708,1098,1875384,10.0,40,18,0,0
328025000,시간의 신전,후회의 길 <6>,176,1709,1098,1876482,10.0,40,18,0,0
328026000,시간의 신전,후회의 길 <7>,176,2365,672,1589280,10.0,40,18,0,0
328030000,시간의 신전,망각의 길 <1>,179,1964,1039,2040596,10.0,40,18,0,0
328031000,시간의 신전,망각의 길 <2>,179,1964,1039,2040596,10.0,40,18,0,0
328032000,시간의 신전,망각의 길 <3>,179,2763,651,1798713,10.0,40,18,0,0
328033000,시간의 신전,망각의 길 <4>,179,2764,651,1799364,10.0,40,18,0,0
328034000,시간의 신전,망각의 길 <5>,179,1964,1331,2614084,10.0,40,18,0,0
328035000,시간의 신전,망각의 길 <6>,179,2763,694,1917522,10.0,40,18,0,0
328036000,시간의 신전,망각의 길 <7>,179,2763,694,1917522,10.0,40,18,0,0
329010000,크리티아스,크리티아스 외곽 <1>,180,2030,930,1887900,10.0,40,18,0,0
329011000,크리티아스,크리티아스 외곽 <2>,180,1760,870,1531200,10.0,40,18,0,0
329012000,크리티아스,크리티아스 외곽 <3>,180,1580,1095,1730100,10.0,40,18,0,0
329013000,크리티아스,크리티아스 외곽 <4>,180,1580,1050,1659000,10.0,40,18,0,0
329014000,크리티아스,크리티아스 외곽 <5>,180,1670,930,1553100,10.0,40,18,0,0
329020000,크리티아스,크리티아스 외곽 <1>,140,2030,930,1887900,10.0,40,18,0,0
329021000,크리티아스,크리티아스 외곽 <2>,140,1760,870,1531200,10.0,40,18,0,0
329022000,크리티아스,크리티아스 외곽 <3>,140,1580,1095,1730100,10.0,40,18,0,0
329023000,크리티아스,크리티아스 외곽 <4>,140,1580,1050,1659000,10.0,40,18,0,0
329024000,크리티아스,크리티아스 외곽 <5>,140,1670,930,1553100,10.0,40,18,0,0
330000401,신수국제학교,양호실,100,2278,587,1337186,1.0,10,6,874,874
330000501,신수국제학교,옥상,100,2842,587,1668254,1.0,13,6,874,874
330000701,신수국제학교,독서실,100,2278,587,1337186,1.0,10,6,874,874
330000801,신수국제학교,음악실,100,2279,587,1337773,1.0,10,6,874,874
330000901,신수국제학교,양호실,100,2278,587,1337186,1.0,10,6,874,874
330001001,신수국제학교,교무실,100,2279,587,1337773,1.0,10,6,874,874
330001201,신수국제학교,독서실,100,2278,587,1337186,1.0,10,6,874,874
330001301,신수국제학교,과학실,100,2279,587,1337773,1.0,10,6,874,874
330001401,신수국제학교,음악실,100,2279,587,1337773,1.0,10,6,874,874
330001601,신수국제학교,뒤뜰,100,2300,577,1327100,1.0,10,6,874,874
330001701,신수국제학교대로,분수공원,100,3200,591,1891200,1.0,15,6,874,874
330001801,신수국제학교대로,이슬비 산책로,100,1940,630,1222200,1.0,9,6,874,874
330001901,신수국제학교대로,저녁노을 공터,100,3200,630,2016000,1.0,15,6,874,874
330002600,신수국제학교,저녁노을 공터,100,3200,630,2016000,1.0,15,6,0,0
330002700,신수국제학교,저녁노을 공터,100,3200,661,2115200,1.0,15,6,0,0
330002800,신수국제학교,저녁노을 공터,100,3200,450,1440000,1.0,15,6,0,0
330004001,신수국제학교 구관,정문,100,2390,581,1388590,1.0,11,6,874,874
330005000,신수국제학교,뒤뜰,10,2300,330,759000,1.0,10,1,0,0
330005100,신수국제학교,저녁노을 공터,10,3200,585,1872000,1.0,15,1,0,0
330005200,신수국제학교,옥상,10,1942,463,899146,1.0,9,1,0,0
330005300,신수국제학교,분수공원,10,3200,330,1056000,1.0,15,1,0,0
330005400,신수국제학교,구관옥상,10,2776,330,916080,1.0,13,1,0,0
330005500,신수국제학교,저녁노을 공터,10,3200,585,1872000,1.0,15,1,0,0
330005600,신수국제학교,강당,10,1118,330,368940,1.0,5,1,0,0
330006000,신수국제학교대로,저녁노을 공터,100,3200,630,2016000,2.3,34,30,0,0
330006100,신수국제학교대로,저녁노을 공터,100,3200,661,2115200,2.2,33,30,0,0
330006200,신수국제학교대로,저녁노을 공터,100,3200,450,1440000,2.2,33,30,0,0
330006300,신수국제학교대로,이슬비 산책로,100,2660,450,1197000,2.6,32,30,0,0
330006400,신수국제학교대로,이슬비 산책로,100,2660,600,1596000,2.6,32,30,0,0
330006500,신수국제학교대로,이슬비 산책로,100,2660,660,1755600,2.7,33,30,0,0
330006600,신수학교 구관,교실,100,2766,330,912780,2.4,31,25,0,0
330006700,신수학교 구관,교실,100,2766,330,912780,2.4,31,25,0,0
330006800,신수학교 구관,교실,100,2766,330,912780,2.5,32,25,0,0
330006900,신수국제학교대로,저녁노을 공터,100,3200,570,1824000,2.3,34,30,0,0
330007000,신수국제학교대로,저녁노을 공터,100,3200,661,2115200,2.2,33,31,0,0
330007100,신수국제학교대로,저녁노을 공터,97,3200,630,2016000,2.2,33,30,0,0
330007300,신수학교 구관,교실,100,2766,330,912780,2.6,33,15,0,0
330007400,신수학교 구관,교실,100,2766,583,1612578,2.6,33,21,0,0
330007500,신수학교 구관,교실,100,2766,415,1147890,2.6,33,17,0,0
330007600,신수국제학교대로,이슬비 산책로,100,2660,450,1197000,2.6,32,19,0,0
330007700,신수국제학교대로,이슬비 산책로,100,2660,600,1596000,2.6,32,26,0,0
330007800,신수국제학교대로,이슬비 산책로,100,2660,660,1755600,2.7,33,29,0,0
331002400,사립영재학교,2-1 교실,13,1496,336,502656,1.0,7,9,1433,1842
350011100,레벤 광산 내부,블랙윙 비밀 기지 1,10,4100,540,2214000,1.8,34,20,0,0
350011200,레벤 광산 내부,블랙윙 비밀 기지 2,10,3380,543,1835340,2.0,31,21,0,0
350011300,레벤 광산 내부,블랙윙 비밀 기지 3,10,2840,542,1539280,1.4,18,20,0,0
350011500,레벤 광산 내부,격납고,0,1310,330,432300,1.0,6,1,0,0
350011800,레벤 광산 내부,블랙윙 비밀 기지 4,10,4190,540,2262600,1.8,35,20,0,0
350011900,레벤 광산 내부,블랙윙 비밀 기지 5,10,4190,540,2262600,1.8,35,21,0,0
350013200,오르카 내면세계,내면세계2,0,7790,1043,8124970,1.4,40,29,0,0
350013300,오르카 내면세계,내면세계3,0,6932,514,3563048,1.0,32,48,0,0
350013500,오르카 내면세계,내면세계4,0,7340,557,4088380,1.0,34,22,0,0
350020200,크리스탈 가든,참새가 날뛰는 곳,28,2486,969,2408934,1.3,15,19,2185,2768
350020300,크리스탈 가든,참새가 날뛰는 곳,18,2632,677,1781864,1.3,16,21,2331,3060
350022100,"크리스탈 가든, 공습",공습당한 복도,85,2718,395,1073610,1.0,12,13,0,0
350022200,"크리스탈 가든, 공습",공습당한 복도,85,2718,398,1081764,1.0,12,12,0,0
350022300,"크리스탈 가든, 공습",공습당한 복도,85,3346,445,1488970,1.0,15,18,0,0
350022600,"크리스탈 가든, 공습",공습당한 복도,91,2338,394,921172,1.0,10,5,0,0
350022700,"크리스탈 가든, 공습",공습당한 복도,85,2768,467,1292656,1.0,12,6,0,0
350023100,크리스탈 가든,갑판1,85,1515,677,1025655,1.3,9,14,31937,49680
350023200,크리스탈 가든,갑판2,85,1515,661,1001415,1.3,9,13,31050,41400
350023300,크리스탈 가든,갑판3,85,1515,605,916575,1.3,9,15,37260,57960
350023400,크리스탈 가든,갑판4,85,1515,475,719625,1.3,9,15,37260,57960
350023500,크리스탈 가든,갑판5,85,1515,677,1025655,1.3,9,14,34393,49680
350023600,크리스탈 가든,갑판6,85,1515,535,810525,0.4999999,3,4,24840,24840
350031200,크리스탈 가든,복도,0,3213,330,1060290,1.0,15,94,0,0
350032100,크리스탈 가든,갑판 위,85,2504,677,1695208,1.3,15,20,124200,157320
350032200,크리스탈 가든,갑판 위,85,2504,677,1695208,1.3,15,21,124200,157320
350032300,크리스탈 가든,갑판 위,85,2504,677,1695208,1.3,15,23,124200,165600
350040050,기계무덤,높은 길,250,2300,390,897000,2.1,22,20,17,17
350040130,기계무덤,피난처 근방,85,2930,985,2886050,1.5,20,28,165600,231840
350040150,기계무덤,피난처 근방,85,2930,1345,3940850,1.0,20,32,165600,264960
350040170,기계무덤,공격 당하는 피난처,0,3110,381,1184910,1.4,20,24,0,0
350042050,블랙헤븐,검사대,10,2150,373,801950,3.999999,40,16,0,0
350042100,블랙헤븐,블랙헤븐 갑판1,10,2530,330,834900,3.999999,40,38,0,0
350042150,블랙헤븐,블랙헤븐 갑판2,85,2530,330,834900,3.999999,40,41,0,0
350042200,블랙헤븐,블랙헤븐 갑판3,42,2530,330,834900,3.999999,40,37,0,0
350042250,블랙헤븐,블랙헤븐 갑판4,58,3389,330,1118370,3.999999,40,50,0,0
350042300,블랙헤븐,블랙헤븐 갑판5,48,3389,330,1118370,3.999999,40,61,0,0
350042350,블랙헤븐,블랙헤븐 갑판6,71,3389,330,1118370,3.999999,40,43,0,0
350042400,블랙헤븐,블랙헤븐 갑판7,64,2190,667,1460730,3.999999,40,31,0,0
350042450,블랙헤븐,블랙헤븐 갑판8,64,6090,330,2009700,3.999999,100,44,0,0
350042500,블랙헤븐,블랙헤븐 갑판9,71,7800,330,2574000,3.999999,100,67,0,0
350042700,블랙헤븐,갑판,0,1345,570,766650,1.3,8,2,0,0
350051100,블랙헤븐 내부,블랙헤븐 D1,85,3078,698,2148444,1.0,14,9,74520,74520
350051150,블랙헤븐 내부,블랙헤븐 D1,85,1796,746,1339816,1.0,8,8,66240,66240
350051200,블랙헤븐 내부,블랙헤븐 D1,85,3260,689,2246140,0.8,12,7,57960,57960
350051400,블랙헤븐 내부,블랙헤븐 D1,85,1895,711,1347345,1.0,8,7,57960,57960
350052100,블랙헤븐 내부,또다른 통로,10,2576,468,1205568,1.0,12,3,437,437
350052150,블랙헤븐 내부,블랙헤븐 D1,85,2178,726,1581228,1.0,10,10,57960,57960
350052200,블랙헤븐 내부,블랙헤븐 D1,85,2530,330,834900,1.0,11,8,66240,66240
350052250,블랙헤븐 내부,블랙헤븐 D1,85,2793,686,1915998,0.8,10,7,41400,41400
350052350,블랙헤븐 내부,블랙헤븐 D1,85,2414,926,2235364,1.0,11,13,91080,107640
350052400,블랙헤븐 내부,블랙헤븐 D1,85,3077,764,2350828,1.0,14,6,24840,24840
350052450,블랙헤븐 내부,블랙헤븐 D1,85,3077,631,1941587,1.0,14,9,49680,49680
350052600,블랙헤븐 내부,블랙헤븐 D1,85,2360,558,1316880,1.0,11,5,24840,24840
350052650,블랙헤븐 내부,블랙헤븐 D1,85,3077,683,2101591,1.0,14,6,33120,33120
350053200,블랙헤븐 내부,블랙헤븐 깊은 곳,10,1241,418,518738,2.5,14,6,874,874
350053450,블랙헤븐 내부,블랙헤븐 깊은 곳,10,1241,418,518738,2.5,14,6,874,874
350053700,블랙헤븐 내부,블랙헤븐 깊은 곳,85,860,384,330240,2.5,10,9,74520,74520
350053800,블랙헤븐 내부,블랙헤븐 깊은 곳,85,860,384,330240,2.999999,12,11,91080,91080
350056100,블랙헤븐 내부,블랙헤븐 D3,10,3138,400,1255200,3.999998,40,1,0,0
350056200,블랙헤븐 내부,블랙헤븐 D3,10,2930,399,1169070,3.999998,40,1,0,0
350056300,블랙헤븐 내부,블랙헤븐 D3,10,3110,400,1244000,3.999998,40,1,0,0
350056400,블랙헤븐 내부,블랙헤븐 D3,10,3560,330,1174800,1.0,16,1,0,0
350056500,블랙헤븐 내부,블랙헤븐 D3,75,9320,330,3075600,3.999999,80,76,0,0
350058050,블랙헤븐 내부,D7,85,6299,1997,12579103,1.0,40,11,0,0
350058150,블랙헤븐 내부,D7,85,6299,1997,12579103,1.0,40,10,0,0
350058300,블랙헤븐 내부,D7,85,4219,871,3674749,1.0,19,11,0,0
350062110,블랙헤븐 내부,블랙헤븐 복도2,85,2600,528,1372800,1.7,20,20,0,0
350062130,블랙헤븐 내부,블랙헤븐 복도3,85,2723,587,1598401,1.0,12,23,0,0
350062150,블랙헤븐 내부,블랙헤븐 복도4,85,2845,766,2179270,1.0,13,23,0,0
350065000,크리스탈 가든,갑판1,85,1515,661,1001415,2.3,16,13,41400,41400
350065050,크리스탈 가든,갑판2,85,1515,475,719625,2.3,16,15,57960,57960
350065100,크리스탈 가든,갑판3,85,1515,535,810525,0.4999999,3,4,24840,24840
350065200,크리스탈 가든,복도,0,3213,330,1060290,1.0,15,9,0,0
350069600,블랙헤븐 내부,코어 입구 <노멀>,101,1796,330,592680,0.2999999,2,2,0,0
350069700,블랙헤븐 내부,코어 입구 <하드>,101,1796,330,592680,0.2999999,2,2,0,0
350069800,블랙헤븐 내부,코어 입구 <익스트림>,101,1796,330,592680,0.2999999,2,2,0,0
350110050,히어로즈 오브 메이플,설귀도 외부지역,0,2760,683,1885080,10.0,40,26,0,0
350110100,히어로즈 오브 메이플,설귀도 외부지역,0,3110,683,2124130,10.0,40,35,0,0
350110150,히어로즈 오브 메이플,설귀도 외부지역,0,3110,741,2304510,10.0,40,45,0,0
350111800,히어로즈 오브 메이플,설귀도 내부지역,0,2642,616,1627472,3.499999,40,35,0,0
350111900,히어로즈 오브 메이플,설귀도 내부지역,0,2642,616,1627472,3.499999,40,31,0,0
350112000,히어로즈 오브 메이플,설귀도 내부지역,0,2642,616,1627472,3.499999,40,36,0,0
350112500,히어로즈 오브 메이플,설귀도 내부지역,0,2642,616,1627472,3.499999,40,36,0,0
350112600,히어로즈 오브 메이플,설귀도 내부지역,0,2642,616,1627472,10.0,40,40,0,0
350112700,히어로즈 오브 메이플,설귀도 내부지역,0,5026,330,1658580,10.0,40,49,0,0
350120300,히어로즈 오브 메이플,유적 진입로,150,2300,586,1347800,10.0,40,40,0,0
350120400,히어로즈 오브 메이플,유적 진입로,150,2300,580,1334000,10.0,40,37,0,0
350120500,히어로즈 오브 메이플,유적 진입로,150,2300,586,1347800,10.0,40,43,0,0
350121200,히어로즈 오브 메이플,유적 내부,150,2066,599,1237534,10.0,40,32,0,0
350121300,히어로즈 오브 메이플,유적 내부,150,1762,599,1055438,10.0,40,28,0,0
350122100,히어로즈 오브 메이플,유적 내부2,150,2957,599,1771243,10.0,40,37,0,0
350122300,히어로즈 오브 메이플,유적 내부2,150,2957,599,1771243,10.0,40,40,0,0
350122500,히어로즈 오브 메이플,유적 내부2,150,2957,599,1771243,10.0,40,47,0,0
350123200,히어로즈 오브 메이플,다리 위,0,1397,330,461010,10.0,40,14,0,0
350123400,히어로즈 오브 메이플,다리 위,150,2358,330,778140,10.0,40,25,0,0
350123500,히어로즈 오브 메이플,다리 위,150,2358,330,778140,10.0,40,25,0,0
350126100,히어로즈 오브 메이플,설귀도 어딘가,0,2760,683,1885080,10.0,40,23,0,0
350126150,히어로즈 오브 메이플,설귀도 어딘가,0,2760,683,1885080,10.0,40,26,0,0
350126200,히어로즈 오브 메이플,설귀도 어딘가,0,2760,683,1885080,10.0,40,23,0,0
350131400,히어로즈 오브 메이플,전시장 1,150,4198,330,1385340,10.0,40,25,0,0
350131500,히어로즈 오브 메이플,전시장 2,150,4198,330,1385340,10.0,40,25,0,0
350131600,히어로즈 오브 메이플,전시장 3,150,4198,330,1385340,10.0,40,25,0,0
350132200,히어로즈 오브 메이플,아브락사스,150,2760,330,910800,10.0,40,21,0,0
350132500,히어로즈 오브 메이플,전시장 3,0,4198,330,1385340,10.0,40,25,0,0
350132600,히어로즈 오브 메이플,전시장 2,0,4198,330,1385340,10.0,40,25,0,0
350132700,히어로즈 오브 메이플,전시장 1,0,4198,330,1385340,10.0,40,25,0,0
350140600,히어로즈 오브 메이플,세계수 하단부,0,1957,2093,4096001,10.0,40,30,0,0
350140700,히어로즈 오브 메이플,세계수 하단부,0,960,3160,3033600,10.0,40,34,0,0
350140800,히어로즈 오브 메이플,세계수 하단부,0,1960,1982,3884720,10.0,40,34,0,0
350141100,히어로즈 오브 메이플,세계수 상단부,0,1955,3044,5951020,10.0,50,40,0,0
350141200,히어로즈 오브 메이플,세계수 상단부,0,1950,2085,4065750,10.0,40,27,0,0
350141300,히어로즈 오브 메이플,세계수 상단부,0,1963,1074,2108262,10.0,40,27,0,0
350160500,타락한 세계수,세계수 정상으로 가는 길 <노멀>,101,2524,485,1224140,0.3999999,4,2,0,0
350160600,타락한 세계수,세계수 정상으로 가는 길 <하드>,101,2524,485,1224140,0.3999999,4,2,0,0
400010100,판테온 동쪽지역,판테온 동쪽 평원,13,2840,1080,3067200,2.0,27,28,7405,7680
400010300,판테온 동쪽지역,판테온 동쪽 숲,24,1670,1170,1953900,2.0,18,35,8794,17100
400010400,판테온 동쪽지역,마력이 가득찬 숲,41,1830,870,1592100,2.0,17,23,22585,30557
400010501,판테온 동쪽지역,수상한 아지트 내부1,27,2030,1140,2314200,1.8,19,24,10585,13371
400010502,판테온 동쪽지역,수상한 아지트 내부2,28,2570,1194,3068580,1.8,26,28,14931,16080
400010503,판테온 동쪽지역,수상한 아지트 내부3,29,2210,1110,2453100,1.8,20,30,11828,17742
400020100,판테온 서쪽지역,판테온 서쪽 평원,13,2900,1170,3393000,2.0,32,46,8777,12617
400030100,판테온 남쪽지역,판테온 남쪽 평원,20,2750,1200,3300000,2.0,32,46,13165,18925
400030300,판테온 남쪽지역,오렌지 톤 숲,15,1670,1225,2045750,2.0,20,33,6514,10748
400030400,판테온 남쪽지역,마력이 반발하는 숲,40,1850,865,1600250,2.0,17,23,21711,29374
400030500,판테온 남쪽지역,반짝이는 돌 숲,22,1940,865,1678100,2.0,18,25,7868,10928
400030601,판테온 남쪽지역,변절자의 기지1,39,2030,1080,2192400,1.8,17,35,21565,44400
400030602,판테온 남쪽지역,변절자의 기지2,40,2570,1194,3068580,1.8,26,38,34988,51137
400030603,판테온 남쪽지역,변절자의 기지3,41,2210,1194,2638740,1.8,23,30,31937,41657
400040100,판테온 북쪽지역,판테온 북쪽 평원,21,2905,1110,3224550,2.0,29,36,12180,15120
400040300,판테온 북쪽지역,세나로비 서식지,23,1830,870,1592100,2.0,17,26,7868,12034
401010000,뒤틀린 숲,맹견의 숲,95,2660,1075,2859500,1.6,20,32,311828,498925
401010010,뒤틀린 숲,선택의 숲,96,2300,840,1932000,1.6,17,23,272777,369051
401010100,뒤틀린 숲,블루스피의 목초지,95,2480,1020,2529600,2.2,25,18,280645,280645
401010200,뒤틀린 숲,레드스피의 목초지,96,2480,835,2070800,1.6,18,25,288822,401142
401020000,금단의 숲,뒤틀린 숲 경계,97,2120,655,1388600,1.4,13,14,214500,231000
401020200,금단의 숲,옐로스피의 목초지,98,1760,925,1628000,2.0,16,23,271268,389948
401020400,금단의 숲,공존의 숲,98,2210,625,1381250,2.0,20,15,257374,257374
401030000,이름없는 숲,언덕으로 가는 길,96,2480,1135,2814800,2.0,26,28,417188,449280
401030200,이름없는 숲,포식의 숲,99,2210,865,1911650,2.0,20,17,295654,295654
401030300,이름없는 숲,스펙터 광산지대,97,1403,1105,1550315,2.0,14,22,231000,363000
401030400,이름없는 숲,사육의 숲,97,1490,1045,1557050,2.0,13,22,215705,365040
401030500,이름없는 숲,스펙터 정찰기지,101,2210,1075,2375750,2.2,23,32,427405,594651
401040100,헬리시움 도심,도심지 용맹의 길,96,2510,1235,3099850,1.8,27,36,433234,577645
401040200,헬리시움 도심,도심지 의지의 길,97,2510,1235,3099850,1.6,24,31,396000,511500
401040300,헬리시움 도심,헬리시움 도심 중앙,101,2910,1023,2976930,1.8,24,30,445988,557485
401040400,헬리시움 도심,도심지 서쪽 경계,103,2560,920,2355200,2.0,24,28,478285,558000
401040500,헬리시움 도심,도심지 서쪽 길,102,2659,989,2629751,2.0,24,30,460182,575228
401040600,헬리시움 도심,도심지 동쪽 경계,101,2659,890,2366510,2.0,24,35,445988,650400
401040700,헬리시움 도심,도심지 동쪽 길,97,2659,1007,2677613,2.2,27,37,451510,618737
401040800,헬리시움 도심,폭군의 성채로 가는 길,102,2810,1091,3065710,2.0,28,37,548867,725288
401050100,폭군의 성채,폭군의 성채 2층 로비,104,1981,741,1467921,1.6,14,18,289920,372754
401050200,폭군의 성채,폭군의 성채 1층 로비,104,2843,722,2052646,1.0,13,12,248502,248502
401050201,폭군의 성채,폭군의 성채 1층 복도,105,1937,700,1355900,1.0,9,10,191931,213257
401051000,회한의 공방,공방 1층 1구역,104,1464,734,1074576,1.8,12,15,252946,316182
401051001,회한의 공방,공방 1층 2구역,115,1940,722,1400680,1.8,16,11,321608,321608
401051002,회한의 공방,공방 1층 3구역,106,1463,721,1054823,1.8,12,13,265268,287374
401051100,회한의 공방,공방 2층 1구역,106,1463,734,1073842,1.8,12,10,221057,221057
401051101,회한의 공방,공방 2층 2구역,107,1941,734,1424694,2.0,18,12,274834,274834
401051102,회한의 공방,공방 2층 3구역,106,2074,733,1520242,1.8,17,12,270848,270848
401052000,광기의 실험실,실험실 지하 1층 3구역,106,2131,712,1517272,1.9,18,10,221057,221057
401052001,광기의 실험실,실험실 지하 1층 2구역,115,1946,712,1385552,1.7,15,11,321608,321608
401052002,광기의 실험실,실험실 지하 1층 1구역,104,2129,712,1515848,1.8,17,26,356484,545211
401052100,광기의 실험실,실험실 지하 2층 1구역,106,2133,733,1563489,1.8,17,14,309480,309480
401052101,광기의 실험실,실험실 지하 2층 2구역,107,1946,727,1414742,1.7,15,14,320640,320640
401052102,광기의 실험실,실험실 지하 2층 3구역,106,2128,664,1412992,1.8,17,12,270051,270051
401053000,폭군의 성채,폭군의 성채 3층 로비,105,2123,720,1528560,1.7,16,23,341211,490491
401053001,폭군의 성채,폭군의 성채 3층 복도,115,1937,700,1355900,1.7,15,13,380082,380082
401060400,폭군의 성채,헬리시움 최상층 입구 <하드>,101,1266,414,524124,1.0,5,2,0,0
402000110,쓰레기장,가시도치 서식지 1,13,2210,949,2097290,2.799999,29,27,4928,4928
402000111,쓰레기장,가시도치 서식지 2,14,2210,1202,2656420,2.799999,36,38,7454,7868
402000112,쓰레기장,가시도치 서식지 3,16,2210,1163,2570230,2.5,30,29,6720,6720
402000120,쓰레기장,폐기물 처리장 1,23,2210,1026,2267460,2.0,20,26,6593,8571
402000121,쓰레기장,폐기물 처리장 2,26,2210,1317,2910570,2.0,29,29,11280,11280
402000122,쓰레기장,폐기물 처리장 3,29,2210,1019,2251990,2.799999,29,30,12992,13440
402000123,쓰레기장,쓰레기장 으슥한 곳,35,2210,843,1863030,2.4,24,23,17100,17100
402000124,쓰레기장,위험한 쓰레기장1,175,2210,872,1927120,2.4,24,19,3936745,3936745
402000125,쓰레기장,위험한 쓰레기장2,175,2210,843,1863030,2.4,24,21,4421700,4421700
402000126,쓰레기장,위험한 쓰레기장3,176,2210,1036,2289560,2.4,24,15,3196157,3196157
402000210,암시장,암시장 으슥한 곳,21,2960,930,2752800,1.8,24,22,6977,6977
402000220,암시장,뉴트리아의 시궁창 1,18,2960,874,2587040,2.0,27,26,7131,7131
402000221,암시장,뉴트리아의 시궁창 2,33,2960,1010,2989600,2.2,30,31,22114,22851
402000222,암시장,위험한 암시장 골목1,178,2960,874,2587040,2.0,27,26,5829720,5829720
402000223,암시장,위험한 암시장 골목2,178,2960,874,2587040,2.0,27,26,5914320,5914320
402000224,암시장,위험한 암시장 골목3,179,2960,882,2610720,2.0,27,27,6217097,6217097
402000310,파이트 클럽,들개들의 싸움터 1,30,2934,956,2804904,2.799999,38,33,20365,20365
402000311,파이트 클럽,들개들의 싸움터 2,37,2934,988,2898792,2.999999,40,36,31782,31782
402000312,파이트클럽,위험한 파이트클럽1,181,2934,956,2804904,2.4,33,33,8146285,8146285
402000313,파이트클럽,위험한 파이트클럽2,181,2934,956,2804904,2.4,33,30,7565785,7565785
402000314,파이트클럽,위험한 파이트클럽3,182,2934,895,2625930,2.4,33,30,7725857,7725857
402000320,폐건물,Mr.해저드의 구역 1,40,2934,854,2505636,1.8,24,17,16757,16757
402000321,폐건물,Mr.해저드의 구역 2,40,2934,988,2898792,2.0,27,25,25568,25568
402000322,폐건물,Mr.해저드의 구역 3,42,2934,988,2898792,2.0,27,21,22320,22320
402000451,오염된 하수구,위험한 구루거 서식지 1,183,2849,745,2122505,1.3,17,24,4561002,6439062
402000452,오염된 하수구,위험한 구루거 서식지 2,183,2849,745,2122505,1.3,17,28,4653385,7664400
402000453,오염된 하수구,위험한 구루거 서식지 3,184,2849,745,2122505,1.3,17,32,4745768,8933211
402000502,아쉴롬,마을 외곽,24,2480,1050,2604000,1.0,11,20,1131,2057
402000503,아쉴롬,광장 윗길,27,2930,1410,4131300,1.8,39,23,9857,9857
402000504,아쉴롬,광장 아랫길,27,2390,1350,3226500,1.8,30,30,12857,12857
402000506,아쉴롬,번쩍이는 숲 서쪽2,25,2030,1170,2375100,2.0,22,19,7165,7165
402000507,아쉴롬,번쩍이는 숲 서쪽1,25,2300,1410,3243000,1.7,29,26,9805,9805
402000508,아쉴롬,번쩍이는 숲 동쪽1,26,2570,1050,2698500,1.8,21,30,8460,12085
402000509,아쉴롬,번쩍이는 숲 동쪽2,26,2120,1350,2862000,1.6,23,22,8862,8862
402000510,아쉴롬,번쩍이는 숲 입구,25,2120,1290,2734800,1.5,20,22,7542,8297
402000511,아쉴롬,마을 옆길,9,2210,985,2176850,2.3,23,22,2828,2828
402000512,아쉴롬,아카데미아 옆길,9,2480,745,1847600,2.0,23,13,1671,1671
402000513,아쉴롬,크리스탈 숲 입구,9,2660,925,2460500,2.0,24,13,1671,1671
402000514,아쉴롬,크리스탈 숲 서쪽1,21,2120,925,1961000,2.0,19,10,3171,3171
402000515,아쉴롬,크리스탈 숲 서쪽2,21,1670,1045,1745150,1.0,7,13,2220,4122
402000516,아쉴롬,크리스탈 숲 서쪽3,21,1670,925,1544750,2.3,18,13,4122,4122
402000517,아쉴롬,크리스탈 숲 동쪽1,17,4910,1044,5126040,1.5,34,61,8742,15685
402000518,아쉴롬,크리스탈 숲 동쪽2,17,4910,1044,5126040,1.0,23,62,5914,15942
402000519,아쉴롬,크리스탈 숲 동쪽3,17,4910,930,4566300,2.5,40,50,10285,12857
402000531,크리스탈 아카데미아,훈련실 안쪽,14,2217,641,1421097,2.0,20,25,4114,5142
402000534,크리스탈 아카데미아,빈 강의실 안쪽,20,2211,641,1417251,1.9,19,21,5700,6300
402000535,크리스탈 아카데미아,강의실 안쪽,23,2210,641,1416610,1.9,19,20,6514,6857
402000610,피난처 주변,피난처 남쪽 1,10,2661,832,2213952,1.8,22,17,2477,2477
402000611,피난처 주변,피난처 남쪽 2,12,2361,849,2004489,2.0,22,16,2880,2880
402000612,피난처 주변,피난처 남쪽 3,14,2661,871,2317731,1.8,22,20,4114,4114
402000613,피난처 주변,피난처 남쪽 4,16,2366,915,2164890,2.0,22,19,4560,4560
402000616,피난처 주변,피난처 북쪽 1,18,2661,924,2458764,1.0,12,22,3291,6034
402000617,피난처 주변,피난처 북쪽 2,18,2661,915,2434815,2.0,24,23,6591,6591
402000618,피난처 주변,피난처 북쪽 3,20,2661,937,2493357,2.0,24,21,6300,6300
402000621,모래폭풍지대,모래폭풍지대 1,22,2659,1029,2736111,1.0,12,22,4011,7354
402000622,모래폭풍지대,모래폭풍지대 2,24,2659,1029,2736111,1.0,12,20,4320,7200
402000631,사막동굴,사막동굴 1,26,2601,751,1953351,2.0,24,19,7654,7654
402000632,사막동굴,사막동굴 2,27,1941,751,1457691,2.2,20,21,8595,9025
402000633,사막동굴,사막동굴 3,28,2601,751,1953351,2.0,24,24,10902,10902
402000634,사막동굴,사막동굴 4,27,2602,751,1954102,1.8,21,20,8571,8571
402000641,폐기지 잔해,폐기지 서쪽 1,30,2555,922,2355710,1.0,11,22,6788,13577
402000642,폐기지 잔해,폐기지 서쪽 2,31,2555,990,2529450,1.0,11,22,7260,14520
402000643,폐기지 잔해,폐기지 서쪽 3,32,2555,1045,2669975,1.0,11,22,7731,15462
402000645,폐기지 잔해,폐기지 동쪽 1,27,2555,1045,2669975,1.0,11,22,4714,9428
402000646,폐기지 잔해,폐기지 동쪽 2,29,2555,990,2529450,1.0,11,22,5892,11785
402000647,폐기지 잔해,폐기지 동쪽 3,30,2555,922,2355710,1.0,11,22,6788,13577
410000010,여우고개,달그림자 언덕1,13,3290,965,3174850,2.0,30,30,5914,5914
410000011,여우고개,달그림자 언덕2,13,2930,1075,3149750,2.0,28,30,5624,6025
410000012,여우고개,달그림자 언덕3,14,3110,1110,3452100,2.0,32,24,4937,4937
410000020,여우고개,눈물바위 언덕1,16,3020,1105,3337100,2.0,30,24,5760,5760
410000021,여우고개,눈물바위 언덕2,17,3380,1120,3785600,2.0,35,30,7885,7885
410000022,여우고개,눈물바위 언덕3,18,3290,1090,3586100,2.0,32,35,8777,9600
410000030,여우고개,뭉우리 계곡1,20,2660,980,2606800,2.0,24,24,7200,7200
410000031,여우고개,뭉우리 계곡2,20,2750,1155,3176250,2.0,30,25,7500,7500
410000040,여우고개,아루마루 계곡1,22,3200,1285,4112000,2.0,40,26,8691,8691
410000041,여우고개,아루마루 계곡2,24,3380,1244,4204720,2.0,40,26,9360,9360
410000050,여우고개,꼬두람이 계곡1,26,3110,1225,3809750,2.0,37,26,10474,10474
410000051,여우고개,꼬두람이 계곡2,28,3470,1345,4667150,2.0,40,30,13628,13628
410000101,뾰족귀 여우마을,여우나무 중턱1,196,1838,2120,3896560,1.4,33,45,16580520,22609800
410000102,뾰족귀 여우마을,여우나무 중턱2,196,1811,2385,4319235,1.4,38,59,19369047,30072994
410000103,뾰족귀 여우마을,여우나무 중턱3,197,1760,2175,3828000,1.4,33,56,17068731,28965120
410000111,뾰족귀 여우골짜기,여우숲 윗길,191,2484,945,2347380,2.5,29,34,12479031,14630588
410000112,뾰족귀 여우골짜기,여우숲 윗길2,191,2844,837,2380428,2.3,30,41,13105963,17911482
410000113,뾰족귀 여우골짜기,여우숲 윗길3,192,2484,1081,2685204,2.4,29,41,12889174,18222625
410000114,뾰족귀 여우골짜기,여우숲 사잇길,193,2484,899,2233116,2.2,25,43,11468571,19725942
410000115,뾰족귀 여우골짜기,여우숲 아랫길,194,2844,962,2735928,2.2,29,36,13721640,17033760
410000116,뾰족귀 여우골짜기,여우숲 아랫길2,194,2124,1016,2157984,2.5,24,35,11515709,16793742
410000117,뾰족귀 여우골짜기,여우숲 아랫길3,195,2482,886,2199052,2.5,29,32,14144211,15607405
410000121,구름 너머,수호령의 산책로,198,2841,814,2312574,1.5,19,29,10142218,14952780
410000122,구름 너머,수호령의 산책로2,198,3161,916,2895476,1.7,25,37,13533371,19494643
410000123,구름 너머,수호령의 산책로3,199,3161,920,2908120,1.8,26,39,14271291,20864734
410000210,청운골,어수선한 항아리 터 1,12,2570,810,2081700,1.9,22,20,3600,3600
410000211,청운골,어수선한 항아리 터 2,13,2570,870,2235900,1.9,22,20,4071,4071
410000212,청운골,어수선한 항아리 터 3,15,2570,930,2390100,1.9,22,20,4457,4457
410000213,청운골,위험한 항아리 터,27,2570,894,2297580,1.9,22,20,8571,8571
410000220,청운골,수상한 박 밭 1,18,2570,894,2297580,1.9,22,20,5485,5485
410000221,청운골,수상한 박 밭 2,21,2570,894,2297580,1.9,22,20,6342,6342
410000222,청운골,수상한 박 밭 3,24,2570,894,2297580,1.9,22,20,7200,7200
410000240,미남 법사의 사원,사원 내부 1,24,2480,613,1520240,1.9,22,24,7920,8640
410000241,미남 법사의 사원,사원 내부 2,24,2480,613,1520240,1.9,22,24,7920,8640
410000242,미남 법사의 사원,사원 내부 3,30,2480,613,1520240,1.9,22,24,13577,14811
410000243,미남 법사의 사원,사원 내부 4,30,2480,613,1520240,1.9,22,24,13577,14811
410000311,리스토니아,으슥한 골목 1,10,3320,786,2609520,1.8,28,56,4080,8160
410000312,리스토니아,으슥한 골목 2,10,3320,906,3007920,2.0,31,64,4517,9325
410000313,리스토니아,으슥한 골목 3,10,3320,886,2941520,2.0,31,54,4517,7868
410000321,리스토니아,예술의 거리 1,13,3320,986,3273520,2.0,31,68,6111,13405
410000322,리스토니아,예술의 거리 2,13,3320,876,2908320,2.0,31,58,6111,11434
410000323,리스토니아,예술의 거리 3,15,3320,986,3273520,2.0,31,59,7417,14117
410000324,리스토니아,예술의 거리 4,19,3320,986,3273520,2.0,31,53,8768,14991
410000325,리스토니아,예술의 거리 5,19,3320,876,2908320,2.0,31,47,8768,13294
410000331,리스토니아,지하 통로 1,21,3084,580,1788720,1.0,14,23,4440,7294
410000332,리스토니아,지하 통로 2,21,3084,580,1788720,1.0,14,28,4440,8880
410000333,리스토니아,지하 통로 3,21,3084,580,1788720,1.0,14,28,4440,8880
410000355,리스토니아,비극의 성벽 1,30,3374,754,2543996,1.0,15,28,9257,17280
410000356,리스토니아,비극의 성벽 2,30,3374,754,2543996,1.0,15,28,9257,17280
410000357,리스토니아,비극의 성벽 3,30,3374,754,2543996,1.0,15,28,9257,17280
410000404,툴렌시티,2층 창고1,20,2593,828,2147004,1.0,12,20,3600,6000
410000405,툴렌시티,2층 창고2,23,2593,828,2147004,2.0,24,20,7028,7028
410000406,툴렌시티,2층 창고3,26,2593,828,2147004,2.0,24,20,8057,8057
410000410,툴렌시티,4층 창고1,30,2593,716,1856588,2.0,24,14,8640,8640
410000411,툴렌시티,4층 창고2,30,2593,807,2092551,2.0,24,16,9874,9874
410000412,툴렌시티,4층 창고3,30,2593,828,2147004,2.0,24,19,11725,11725
410000416,툴렌시티,동쪽 1구역,10,3160,1189,3757240,2.0,36,22,3205,3205
410000417,툴렌시티,동쪽 2구역,11,2360,1265,2985400,2.0,30,26,4405,4405
410000418,툴렌시티,동쪽 3구역,13,1960,1184,2320640,2.0,22,18,3548,3548
410000420,툴렌시티,서쪽 1구역,27,1960,1184,2320640,2.0,22,17,7285,7285
410000421,툴렌시티,서쪽 2구역,27,2360,1192,2813120,2.0,27,26,11451,11451
410000422,툴렌시티,서쪽 3구역,28,2359,1189,2804851,2.0,27,26,11811,11811
410000520,세르니움,해변 암석 지대 1,260,2262,942,2130804,3.299999,34,34,502848634,502848634
410000530,세르니움,해변 암석 지대 2,260,2262,966,2185092,3.299999,34,34,502848634,502848634
410000540,세르니움,해변 암석 지대 3,260,3166,1098,3476268,2.4,38,38,562007297,562007297
410000550,세르니움,해변 암석 지대 4,260,3166,991,3137506,2.6,38,38,562007297,562007297
410000590,세르니움,세르니움 서쪽 성벽 1,260,2531,1048,2652488,2.899999,34,34,502848634,502848634
410000600,세르니움,세르니움 서쪽 성벽 2,260,2189,1094,2394766,3.099999,34,34,502848634,502848634
410000610,세르니움,세르니움 서쪽 성벽 3,260,3215,1033,3321095,2.6,39,39,576796962,576796962
410000640,세르니움,세르니움 동쪽 성벽 1,261,2530,1113,2815890,2.599998,34,34,510084514,510084514
410000650,세르니움,세르니움 동쪽 성벽 2,261,2530,1128,2853840,2.599998,34,34,510084514,510084514
410000660,세르니움,세르니움 동쪽 성벽 3,261,2872,1159,3328648,2.399998,38,38,570094457,570094457
410000700,세르니움,왕립 도서관 제1구역,261,2360,908,2142880,3.099999,34,34,510084514,510084514
410000710,세르니움,왕립 도서관 제2구역,261,2355,946,2227830,2.999999,33,33,495082028,495082028
410000720,세르니움,왕립 도서관 제3구역,261,3313,972,3220236,2.5,38,38,570094457,570094457
410000730,세르니움,왕립 도서관 제4구역,261,2360,904,2133440,3.099999,34,34,510084514,510084514
410000740,세르니움,왕립 도서관 제5구역,261,2360,948,2237280,3.099999,34,34,510084514,510084514
410000750,세르니움,왕립 도서관 제6구역,261,2840,1109,3149560,2.6,38,38,570094457,570094457
410000840,불타는 세르니움,불타는 왕립 도서관 제1구역,264,2360,811,1913960,3.099999,34,34,532850622,532850622
410000850,불타는 세르니움,불타는 왕립 도서관 제2구역,264,2360,795,1876200,3.099999,34,34,532850622,532850622
410000860,불타는 세르니움,불타는 왕립 도서관 제3구역,264,2840,1192,3385280,2.4,39,39,611211008,611211008
410000870,불타는 세르니움,불타는 왕립 도서관 제4구역,264,2360,918,2166480,3.099999,34,34,532850622,532850622
410000880,불타는 세르니움,불타는 왕립 도서관 제5구역,264,2360,900,2124000,3.099999,34,34,532850622,532850622
410000890,불타는 세르니움,불타는 왕립 도서관 제6구역,264,2840,1253,3558520,2.2,39,39,611211008,611211008
410000920,불타는 세르니움,격전의 서쪽 성벽 1,262,2355,1109,2611695,2.799998,33,34,502116402,517332051
410000930,불타는 세르니움,격전의 서쪽 성벽 2,262,2355,942,2218410,3.099998,34,34,517332051,517332051
410000940,불타는 세르니움,격전의 서쪽 성벽 3,262,3039,1050,3190950,2.699998,38,38,578194645,578194645
410000950,불타는 세르니움,격전의 서쪽 성벽 4,262,3039,1017,3090663,2.699998,38,38,578194645,578194645
410000980,불타는 세르니움,격전의 동쪽 성벽 1,263,2013,962,1936506,3.699997,34,34,524630588,524630588
410000990,불타는 세르니움,격전의 동쪽 성벽 2,263,2181,947,2065407,3.399997,34,34,524630588,524630588
410001000,불타는 세르니움,격전의 동쪽 성벽 3,263,3039,1031,3133209,2.799998,39,39,601782145,601782145
410001010,불타는 세르니움,격전의 동쪽 성벽 4,263,2185,946,2067010,3.399997,34,34,524630588,524630588
410001020,불타는 세르니움,격전의 동쪽 성벽 5,263,2526,938,2369388,2.899998,34,34,524630588,524630588
410001030,불타는 세르니움,격전의 동쪽 성벽 6,263,2868,1075,3083100,2.799998,39,38,586351834,586351834
410003040,호텔 아르크스,무법자들이 지배하는 황야1,265,2639,958,2528162,2.799999,34,34,599460994,599460994
410003050,호텔 아르크스,무법자들이 지배하는 황야2,265,2659,970,2579230,2.799999,34,34,599460994,599460994
410003060,호텔 아르크스,무법자들이 지배하는 황야3,265,2960,990,2930400,2.799999,38,38,669985817,669985817
410003070,호텔 아르크스,무법자들이 지배하는 황야4,265,2960,966,2859360,2.799999,38,39,669985817,687617022
410003090,호텔 아르크스,낭만이 저무는 자동차 극장1,266,2199,913,2007687,3.299999,34,34,607692394,607692394
410003100,호텔 아르크스,낭만이 저무는 자동차 극장2,266,2556,902,2305512,2.899999,34,34,607692394,607692394
410003110,호텔 아르크스,낭만이 저무는 자동차 극장3,266,3089,990,3058110,2.7,39,39,697058922,697058922
410003120,호텔 아르크스,낭만이 저무는 자동차 극장4,267,2468,920,2270560,2.999999,34,34,615955268,615955268
410003130,호텔 아르크스,낭만이 저무는 자동차 극장5,267,2576,994,2560544,2.799999,33,33,597838937,597838937
410003140,호텔 아르크스,낭만이 저무는 자동차 극장6,267,2400,1033,2479200,3.099999,34,34,615955268,615955268
410003150,호텔 아르크스,종착지 없는 횡단열차1,268,2154,988,2128152,3.099999,31,34,570115508,625287977
410003160,호텔 아르크스,종착지 없는 횡단열차2,268,2154,1034,2227236,3.399999,34,34,625287977,625287977
410003170,호텔 아르크스,종착지 없는 횡단열차3,268,3250,1020,3315000,2.5,38,38,698851268,698851268
410003180,호텔 아르크스,종착지 없는 횡단열차4,269,2154,1125,2423250,2.999999,34,34,633645565,633645565
410003190,호텔 아르크스,종착지 없는 횡단열차5,269,2154,940,2024760,3.399999,34,34,633645565,633645565
410003200,호텔 아르크스,종착지 없는 횡단열차6,269,3250,941,3058250,2.5,38,38,708192102,708192102
410004004,나린,고즈넉한 뒷골목 1,28,2944,802,2361088,1.9,26,21,9540,9540
410004005,나린,고즈넉한 뒷골목 2,29,2660,760,2021600,1.9,23,16,7680,7680
410004006,나린,고즈넉한 뒷골목 3,28,2660,737,1960420,1.9,23,22,9994,9994
410004007,나린,고즈넉한 뒷골목 4,29,2660,711,1891260,1.9,23,20,9600,9600
410004011,나린,햇살이 기댄 언덕 3,20,3260,1015,3308900,1.9,29,30,8700,9000
410004012,나린,햇살이 기댄 언덕 2,15,2660,977,2598820,1.9,23,33,5287,7585
410004013,나린,햇살이 기댄 언덕 1,10,2660,890,2367400,1.9,23,28,3351,4080
410004014,나린,바람꽃마루 동산 1,13,2660,935,2487100,1.9,23,24,4534,4731
410004015,나린,바람꽃마루 동산 2,20,2660,917,2439220,1.9,23,23,7208,7208
410004016,나린,바람꽃마루 동산 3,26,2660,864,2298240,1.9,23,23,9265,9265
410004102,발로라,산으로 향하는 길,10,1860,800,1488000,2.0,17,20,2477,2914
410004103,발로라,산 속 깊은 곳,13,1860,760,1413600,2.0,17,23,3351,4534
410004104,발로라,호수와 가까운 곳,10,1860,760,1413600,2.0,17,20,2477,2914
410004106,발로라,바닷가 1,13,2025,1193,2415825,2.0,23,28,4534,5520
410004107,발로라,바닷가 2,13,2025,1166,2361150,2.0,22,30,4601,6274
410004108,발로라,바닷가 3,15,2025,1193,2415825,2.0,23,32,5125,7131
410007002,오디움,성문으로 가는 길 1,270,2382,1036,2467752,2.799999,31,34,649729088,712606097
410007003,오디움,성문으로 가는 길 2,270,2382,764,1819848,3.099999,34,34,712606097,712606097
410007004,오디움,성문으로 가는 길 3,270,3291,963,3169233,2.4,37,37,775483105,775483105
410007005,오디움,성문으로 가는 길 5,270,2988,1160,3466080,2.799999,40,39,817401111,817401111
410007006,오디움,점령당한 골목 1,271,2760,784,2163840,2.7,34,34,723132497,723132497
410007007,오디움,점령당한 골목 2,271,2760,784,2163840,2.7,34,34,723132497,723132497
410007008,오디움,점령당한 골목 3,271,3160,985,3112600,2.799999,40,39,829475511,829475511
410007009,오디움,점령당한 골목 4,271,3159,1071,3383289,2.6,39,39,829475511,829475511
410007012,오디움,볕 드는 실험실 1,272,2959,1430,4231370,1.5,33,34,710999331,732544765
410007013,오디움,볕 드는 실험실 2,272,2959,1401,4145559,1.9,40,39,840271937,840271937
410007014,오디움,볕 드는 실험실 3,272,2959,1420,4201780,1.8,40,39,840271937,840271937
410007015,오디움,잠긴 문 뒤 실험실 1,273,2361,976,2304336,3.099999,34,34,742020565,742020565
410007016,오디움,잠긴 문 뒤 실험실 2,273,2961,1120,3316320,2.4,37,39,813471030,857442437
410007017,오디움,잠긴 문 뒤 실험실 4,274,2961,1028,3043908,2.799999,38,39,841289382,863428577
410007026,도원경,생기가 돌아오는 봄 1,275,2990,1065,3184350,1.6,22,34,547427382,846024137
410007027,도원경,생기가 돌아오는 봄 2,275,2990,1119,3345810,1.8,28,39,696725760,970439451
410007028,도원경,생기가 돌아오는 봄 5,275,3059,1145,3502555,1.6,26,39,646959634,970439451
410007029,도원경,빛이 약한 여름 1,276,2989,1066,3186274,1.4,20,34,503934171,856688091
410007030,도원경,빛이 약한 여름 2,276,2991,1194,3571254,1.6,27,39,680311131,982671634
410007031,도원경,빛이 약한 여름 5,276,3188,1198,3819224,1.4,26,39,655114422,982671634
410007032,도원경,색깔이 옅은 가을 1,277,2580,1175,3031500,1.8,26,34,664339371,868751485
410007033,도원경,색깔이 옅은 가을 2,277,2995,1220,3653900,1.8,32,39,817648457,996509057
410007034,도원경,색깔이 옅은 가을 5,277,3059,1354,4141886,1.4,30,39,766545428,996509057
410007035,도원경,참혹한 흔적의 겨울 1,278,2990,1185,3543150,1.4,24,34,620843245,879527931
410007036,도원경,참혹한 흔적의 겨울 2,278,2982,1185,3533670,1.7,29,39,754972844,1015308308
410007037,도원경,참혹한 흔적의 겨울 5,279,3059,1229,3759511,1.6,29,39,760557977,1022819348
410007038,도원경,생기가 돌아오는 봄 3,275,2982,1201,3581382,1.5,26,39,646959634,970439451
410007039,도원경,생기가 돌아오는 봄 4,275,2982,1220,3638040,1.5,26,39,646959634,970439451
410007040,도원경,빛이 약한 여름 3,276,2932,1198,3512536,1.6,27,39,680311131,982671634
410007041,도원경,빛이 약한 여름 4,276,2933,1143,3352419,1.5,23,39,579524297,982671634
410007042,도원경,색깔이 옅은 가을 3,277,2981,1169,3484789,1.6,26,39,664339371,996509057
410007043,도원경,색깔이 옅은 가을 4,277,2981,1272,3791832,1.6,30,39,766545428,996509057
410007044,도원경,참혹한 흔적의 겨울 3,279,2990,1229,3674710,1.6,29,39,760557977,1022819348
410007045,도원경,참혹한 흔적의 겨울 4,279,2990,1176,3516240,1.7,28,39,734331840,1022819348
410007051,오디움,성문으로 가는 길 4,270,2988,1013,3026844,2.799999,39,39,817401111,817401111
410007052,오디움,잠긴 문 뒤 실험실 3,274,2961,1163,3443643,2.4,39,39,863428577,863428577
410007513,에리모스,접경 지역 1,10,2308,1016,2344928,1.6,17,17,2477,2477
410007514,에리모스,접경 지역 2,12,2308,828,1911024,1.5,16,16,2880,2880
410007515,에리모스,접경 지역 3,15,2552,985,2513720,1.0,11,16,2451,3565
410007516,에리모스,사막과 가까운 곳 1,19,2549,1217,3102133,1.0,15,17,4242,4808
410007517,에리모스,사막과 가까운 곳 2,21,2555,1148,2933140,1.3,18,18,5708,5708
410007518,에리모스,사막과 가까운 곳 3,23,2556,1169,2987964,1.3,18,18,6171,6171
410007522,퀸스로드,북쪽 외곽지역,280,2631,949,2496819,2.999999,36,36,1060259760,1060259760
410007523,퀸스로드,서쪽 외곽지역,280,3380,1243,4201340,1.1,23,40,677388180,1178066400
410007524,퀸스로드,남쪽 외곽지역,281,2631,960,2525760,2.999999,36,36,1074727748,1074727748
410007525,퀸스로드,동쪽 외곽지역,281,3380,1277,4316260,1.1,24,40,716485165,1194141942
410007527,아르테리아,최하층 통로 1,282,2360,1256,2964160,2.4,35,36,1057430400,1087642697
410007528,아르테리아,최하층 통로 2,282,2960,1256,3717760,2.2,40,40,1208491885,1208491885
410007529,아르테리아,최하층 통로 3,282,2960,1256,3717760,2.2,40,40,1208491885,1208491885
410007530,아르테리아,최하층 통로 6,283,2960,1256,3717760,2.2,40,40,1224689142,1224689142
410007537,아르테리아,최상층 통로 1,284,2360,1220,2879200,2.5,35,36,1084283400,1115262925
410007538,아르테리아,최상층 통로 2,284,2960,1220,3611200,2.2,39,40,1208201502,1239181028
410007539,아르테리아,최상층 통로 3,284,2360,1220,2879200,2.5,35,36,1084283400,1115262925
410007540,아르테리아,최상층 통로 8,284,2960,1220,3611200,2.2,39,40,1208201502,1239181028
410007546,퀸스로드,외곽 전투지역 1,280,2631,1152,3030912,2.799999,40,40,1178066400,1178066400
410007547,퀸스로드,외곽 전투지역 2,281,2631,1152,3030912,2.799999,40,40,1194141942,1194141942
410007548,아르테리아,최하층 통로 4,283,2360,1256,2964160,2.4,35,36,1071603000,1102220228
410007549,아르테리아,최하층 통로 5,283,2960,1256,3717760,2.2,40,40,1224689142,1224689142
410007550,아르테리아,최상층 통로 4,284,2960,1220,3611200,2.2,39,40,1208201502,1239181028
410007551,아르테리아,최상층 통로 5,284,2360,1220,2879200,2.5,35,36,1084283400,1115262925
410007552,아르테리아,최상층 통로 6,284,2960,1220,3611200,2.2,39,40,1208201502,1239181028
410007553,아르테리아,최상층 통로 7,284,2960,1220,3611200,2.2,39,40,1208201502,1239181028
410007620,카르시온,거대 산호 군락 1,285,2432,945,2298240,3.199999,36,36,1253714914,1253714914
410007621,카르시온,거대 산호 군락 2,285,2633,1070,2817310,3.199999,40,40,1393016571,1393016571
410007622,카르시온,거대 산호 군락 3,286,2827,900,2544300,3.099999,40,40,1409247085,1409247085
410007623,카르시온,잔잔한 해안가 1,286,3009,1015,3054135,2.899999,40,40,1409247085,1409247085
410007624,카르시온,잔잔한 해안가 2,286,3009,945,2843505,2.899999,40,40,1409247085,1409247085
410007625,카르시온,잔잔한 해안가 3,286,3009,1035,3114315,2.899999,40,40,1409247085,1409247085
410007640,카르시온,휘감기는 숲 1,287,2674,1364,3647336,1.9,36,36,1284814594,1284814594
410007641,카르시온,휘감기는 숲 2,287,2673,1406,3758238,1.8,35,36,1249125300,1284814594
410007642,카르시온,휘감기는 숲 3,288,1957,1858,3636106,2.799999,40,40,1446008914,1446008914
410007643,카르시온,어둠이 내리는 나무줄기 1,288,2682,1510,4049820,1.9,40,40,1446008914,1446008914
410007644,카르시온,어둠이 내리는 나무줄기 2,288,2682,1505,4036410,1.9,40,40,1446008914,1446008914
410007645,카르시온,어둠이 내리는 나무줄기 3,288,2675,1406,3761050,2.0,39,40,1409858691,1446008914
410007660,카르시온,숨이 멎어드는 동굴 1,289,2562,949,2431338,2.999999,36,36,1316208034,1316208034
410007661,카르시온,숨이 멎어드는 동굴 2,289,3227,961,3101147,2.7,40,40,1462453371,1462453371
410007662,카르시온,숨이 멎어드는 동굴 3,289,2562,999,2559438,3.299999,39,40,1425892037,1462453371
410007663,카르시온,숨이 멎어드는 동굴 4,289,2909,979,2847911,2.999999,40,40,1462453371,1462453371
410007664,카르시온,가라앉은 유적지 1,289,2568,999,2565432,3.099999,37,36,1316208034,1316208034
410007665,카르시온,가라앉은 유적지 2,289,2918,889,2594102,2.999999,40,40,1462453371,1462453371
410007666,카르시온,가라앉은 유적지 3,289,2917,999,2914083,3.099999,40,40,1462453371,1462453371
410007667,카르시온,가라앉은 유적지 4,289,2567,989,2538763,3.399999,40,40,1462453371,1462453371
410013620,탈라하트,재와 침묵의 땅 1,290,2960,1032,3054720,2.999999,40,40,1643423314,1643423314
410013621,탈라하트,재와 침묵의 땅 2,290,2960,1032,3054720,2.5,34,40,1396909817,1643423314
410013622,탈라하트,재와 침묵의 땅 3,290,2960,1054,3119840,2.5,34,40,1404733800,1652628000
410013623,탈라하트,재와 침묵의 땅 4,291,2960,1054,3119840,2.5,34,40,1412557782,1661832685
410013624,탈라하트,재와 침묵의 땅 5,291,2960,1154,3415840,2.5,40,40,1661832685,1661832685
410013640,탈라하트,섭리와 운명의 전쟁터 1,291,2960,1024,3031040,2.5,34,40,1412557782,1661832685
410013641,탈라하트,섭리와 운명의 전쟁터 2,291,2960,1024,3031040,2.5,34,40,1412557782,1661832685
410013642,탈라하트,섭리와 운명의 전쟁터 3,291,2960,1224,3623040,2.5,40,40,1661832685,1661832685
410013643,탈라하트,심판과 운명의 전쟁터 1,292,2960,1024,3031040,2.5,34,40,1430276640,1682678400
410013644,탈라하트,심판과 운명의 전쟁터 2,292,2960,1024,3031040,2.5,34,40,1430276640,1682678400
410013645,탈라하트,심판과 운명의 전쟁터 3,292,2960,1024,3031040,2.5,34,40,1430276640,1682678400
410013646,탈라하트,영원과 운명의 전쟁터 1,293,2960,1024,3031040,2.5,34,40,1448101868,1703649257
410013647,탈라하트,영원과 운명의 전쟁터 2,293,2960,1024,3031040,2.5,34,40,1448101868,1703649257
410013648,탈라하트,영원과 운명의 전쟁터 3,293,2960,1024,3031040,2.5,34,40,1448101868,1703649257
410013660,탈라하트,밤의 길 1,294,2960,1004,2971840,2.5,34,40,1463988805,1722339771
410013661,탈라하트,밤의 길 2,294,2969,1004,2980876,2.5,34,40,1463988805,1722339771
410013662,탈라하트,밤의 길 3,294,2970,1003,2978910,2.5,34,40,1463988805,1722339771
410013663,탈라하트,밤의 길 4,294,2960,1004,2971840,2.5,34,40,1463988805,1722339771
410013664,탈라하트,환영의 길 1,294,2960,1018,3013280,2.5,34,40,1463988805,1722339771
410013665,탈라하트,환영의 길 2,294,2960,1018,3013280,2.5,34,40,1463988805,1722339771
410013666,탈라하트,환영의 길 3,294,2960,1018,3013280,2.5,34,40,1463988805,1722339771
410013667,탈라하트,환영의 길 4,294,2960,1018,3013280,2.5,34,40,1463988805,1722339771
410013703,기어드락,지하 1층,295,2280,1541,3513480,2.999999,40,40,1934818285,1934818285
410013704,기어드락,지하 2층 1구역,295,2280,1430,3260400,2.999999,40,40,1934818285,1934818285
410013705,기어드락,지하 2층 2구역,295,2280,1428,3255840,2.999999,40,40,1934818285,1934818285
410013706,기어드락,지하 3층 1구역,296,2280,1449,3303720,2.999999,40,40,1958382171,1958382171
410013707,기어드락,지하 3층 2구역,296,2280,1449,3303720,2.999999,40,40,1958382171,1958382171
410013708,기어드락,지하 4층,296,2280,1541,3513480,2.999999,40,40,1958382171,1958382171
410013710,기어드락,로봇 창고 1,297,2961,1015,3005415,2.899999,40,40,1982084571,1982084571
410013711,기어드락,로봇 창고 2,297,2960,1015,3004400,2.999999,40,40,1982084571,1982084571
410013712,기어드락,로봇 창고 3,297,2960,1014,3001440,2.999999,40,40,1982084571,1982084571
410013713,기어드락,로봇 창고 4,297,2960,1015,3004400,2.899999,40,40,1982084571,1982084571
410013714,기어드락,로봇 창고 5,298,2962,1015,3006430,2.799999,38,40,1903034571,2003194285
410013715,기어드락,로봇 창고 6,298,2960,1015,3004400,2.899999,40,40,2003194285,2003194285
410013716,기어드락,로봇 창고 7,298,2960,1015,3004400,2.799999,38,40,1903034571,2003194285
410013717,기어드락,로봇 창고 8,298,2966,1015,3010490,2.999999,40,40,2003194285,2003194285
410013718,기어드락,고브의 작업실 1,299,2888,1029,2971752,2.999999,40,40,2027035200,2027035200
410013719,기어드락,고브의 작업실 2,299,2879,1029,2962491,2.999999,40,40,2027035200,2027035200
410013720,기어드락,고브의 작업실 3,299,2879,1029,2962491,2.999999,40,40,2027035200,2027035200
410013721,기어드락,고브의 작업실 4,299,2879,1029,2962491,2.999999,40,40,2027035200,2027035200
410013722,기어드락,고브의 작업실 5,299,2879,1029,2962491,2.799999,37,40,1875007560,2027035200
410013723,기어드락,고브의 작업실 6,299,2879,1029,2962491,2.799999,37,40,1875007560,2027035200
410013724,기어드락,고브의 작업실 7,299,2879,1029,2962491,2.999999,40,40,2027035200,2027035200
410013725,기어드락,고브의 작업실 8,299,2879,1029,2962491,2.799999,37,40,1875007560,2027035200
410030000,세르니움,왕궁 메인홀 <노멀>,101,2018,330,665940,1.0,9,2,0,0
410030100,세르니움,왕궁 메인홀 <하드>,101,2018,330,665940,1.0,9,2,0,0
410030200,세르니움,왕궁 메인홀 <익스트림>,101,2018,330,665940,1.0,9,2,0,0
410030300,카로테,마천루 <이지>,101,1793,410,735130,1.0,8,2,0,0
410030400,카로테,마천루 <노멀>,101,1793,410,735130,1.0,8,2,0,0
410030500,카로테,마천루 <카오스>,101,1793,410,735130,1.0,8,2,0,0
410030600,카로테,마천루 <익스트림>,101,1793,410,735130,1.0,8,2,0,0
410030700,도원경,사계가 머무는 누각 <이지>,101,1948,713,1388924,1.0,9,2,0,0
410030800,도원경,사계가 머무는 누각 <노멀>,101,1948,713,1388924,1.0,9,2,0,0
410030900,도원경,사계가 머무는 누각 <하드>,101,1948,713,1388924,1.0,9,2,0,0
410031000,도원경,사계가 머무는 누각 <익스트림>,101,1948,713,1388924,1.0,9,2,0,0
410031100,카르시온,눈물이 스며든 신전 <노멀>,101,1167,330,385110,1.0,5,2,0,0
410031200,카르시온,눈물이 스며든 신전 <하드>,101,1167,330,385110,1.0,5,2,0,0
410031300,탈라하트,밤과 환영의 성소 <노멀>,101,2700,1081,2918700,1.0,13,2,0,0
410031400,탈라하트,밤과 환영의 성소 <하드>,101,2700,1081,2918700,1.0,13,2,0,0
410031500,오디움,의지가 시작되는 곳 <이지>,101,1928,836,1611808,1.0,9,2,0,0
410031600,오디움,의지가 시작되는 곳 <노멀>,101,1928,836,1611808,1.0,9,2,0,0
410031700,오디움,의지가 시작되는 곳 <하드>,101,1928,836,1611808,1.0,9,2,0,0
410031800,오디움,의지가 시작되는 곳 <익스트림>,101,1928,836,1611808,1.0,9,2,0,0
410031900,검은 바다,현혹의 신전 <노멀>,101,1430,330,471900,1.0,6,2,0,0
410032000,검은 바다,현혹의 신전 <하드>,101,1430,330,471900,1.0,6,2,0,0
410032100,기어드락,질서와 혼돈의 굴레 <노멀>,101,1620,330,534600,1.0,7,2,0,0
410032200,기어드락,질서와 혼돈의 굴레 <하드>,101,1620,330,534600,1.0,7,2,0,0
450001010,망각의 호수,풍화된 기쁨의 땅,200,2061,966,1990926,2.3,22,22,18613508,18613508
450001011,망각의 호수,풍화된 기쁨과 분노의 땅,200,2361,955,2254755,2.699999,29,29,24880688,24880688
450001012,망각의 호수,풍화된 분노의 땅,201,2061,1030,2122830,2.699999,26,26,22595262,22595262
450001013,망각의 호수,풍화된 분노와 슬픔의 땅,201,2359,902,2127818,2.699999,29,29,25527848,25527848
450001014,망각의 호수,풍화된 슬픔의 땅,202,2061,1035,2133135,2.699999,26,26,23199651,23199651
450001015,망각의 호수,풍화된 슬픔과 즐거움의 땅,202,2659,949,2523391,2.4,29,29,26265334,26265334
450001016,망각의 호수,풍화된 즐거움의 땅,203,2061,921,1898181,2.699999,26,26,23873571,23873571
450001110,소멸의 화염지대,암석의 영토,204,2160,1160,2505600,2.5,29,29,27314520,27314520
450001111,소멸의 화염지대,암석과 화염의 영토,204,2560,977,2501120,2.5,30,29,27647640,27647640
450001112,소멸의 화염지대,화염의 영토,205,2160,1379,2978640,1.8,28,28,27038880,27038880
450001113,소멸의 화염지대,화염과 영혼의 영토,205,2760,862,2379120,2.3,29,29,28341514,28341514
450001114,소멸의 화염지대,영혼의 영토,206,2160,914,1974240,2.599999,26,26,25733314,25733314
450001210,안식의 동굴,세 갈래길1,207,2930,637,1866410,2.2,30,15,15248314,15248314
450001211,안식의 동굴,동굴의 서쪽길1,207,3560,637,2267720,1.8,30,15,15248314,15248314
450001212,안식의 동굴,동굴의 서쪽길2,207,3284,637,2091908,2.0,30,15,15248314,15248314
450001213,안식의 동굴,동굴의 동쪽길1,207,3560,637,2267720,1.8,30,15,15248314,15248314
450001214,안식의 동굴,동굴의 동쪽길2,207,3560,637,2267720,1.8,30,15,15248314,15248314
450001215,안식의 동굴,세 갈래길2,207,3560,637,2267720,1.8,30,15,15248314,15248314
450001216,안식의 동굴,동굴 아래쪽,207,3560,613,2182280,1.8,30,15,15248314,15248314
450001217,안식의 동굴,동굴 위쪽,207,3560,637,2267720,1.8,30,15,15248314,15248314
450001218,안식의 동굴,동굴의 깊숙한 곳,207,3560,637,2267720,1.8,30,15,15248314,15248314
450001230,안식의 동굴,아르마의 은신처,209,3560,637,2267720,2.1,35,35,37296600,37296600
450001260,망각의 호수,숨겨진 호숫가,209,3260,906,2953560,2.45,37,37,65713268,65713268
450001261,소멸의 화염지대,숨겨진 화염지대,209,2160,987,2131920,2.899999,29,29,51504994,51504994
450001262,안식의 동굴,숨겨진 동굴,209,3551,637,2261987,2.2,36,36,63937234,63937234
450001400,니나의 에르다 조사,망각의 땅 어딘가,200,2060,330,679800,1.5,14,14,0,0
450001500,니나의 에르다 조사,안식의 땅 어딘가,200,1490,651,969990,1.5,10,16,0,0
450002001,오색동산,동산 입구,210,2660,912,2425920,2.799999,34,34,72275160,72275160
450002002,오색동산,알록달록 숲지대1,211,2669,885,2362065,2.6,32,32,69578880,69578880
450002003,오색동산,알록달록 숲지대2,210,2369,924,2188956,3.099999,34,34,72275160,72275160
450002004,오색동산,알록달록 숲지대3,210,3262,685,2234470,2.1,32,32,68801280,68801280
450002005,오색동산,오색동산 깊은 곳,211,2960,866,2563360,2.3,31,31,67404540,67404540
450002006,츄릅 포레스트,길쭉 동글숲1,212,2660,729,1939140,2.3,28,28,62411280,62411280
450002007,츄릅 포레스트,길쭉 동글숲2,213,2960,767,2270320,2.1,29,29,66072274,66072274
450002008,츄릅 포레스트,몽땅 동글숲1,212,2060,714,1470840,2.6,25,25,55724357,55724357
450002009,츄릅 포레스트,몽땅 동글숲2,213,2060,1031,2123860,2.999999,28,30,63793920,68350628
450002010,츄릅 포레스트,츄릅 포레스트 깊은 곳,213,1760,1031,1814560,3.399999,28,28,63793920,63793920
450002011,에르밸리,츄츄 빌리지 입구,214,5649,880,4971120,1.2,31,31,72173580,72173580
450002012,에르밸리,격류지대 1,216,5649,973,5496477,1.5,39,28,68170320,68170320
450002013,에르밸리,격류지대 2,215,5649,876,4948524,1.5,39,29,69137160,69137160
450002014,에르밸리,격류지대 3,215,5649,972,5490828,1.5,39,28,67461720,67461720
450002015,에르밸리,폭포 아래,216,5649,877,4954173,1.6,40,28,68170320,68170320
450002016,하늘고래산,고래산 초입,217,2423,1465,3549695,1.4,26,29,64779891,72254494
450002017,하늘고래산,고래산 중턱1,217,2424,1431,3468744,1.4,26,28,65690700,70743831
450002018,하늘고래산,고래산 중턱2,218,2424,1522,3689328,1.5,30,30,76282200,76282200
450002019,하늘고래산,고래산 정상,219,2424,1527,3701448,1.4,28,28,72814560,72814560
450002020,하늘고래산,거대한 꼬리,219,2424,1584,3839616,1.4,30,30,78015600,78015600
450002300,츄릅 포레스트,숨겨진 츄릅 포레스트,229,1760,969,1705440,2.5,20,25,68994171,86242714
450002301,에르밸리,숨겨진 격류지대,229,5593,528,2953104,1.5,39,26,89692422,89692422
450002302,하늘고래산,숨겨진 고래산,229,2424,1511,3662664,1.0,20,28,68994171,96591840
450003200,레헬른 뒷골목,무법자들의 거리1,220,2577,822,2118294,2.5,30,30,79578000,79578000
450003210,레헬른 뒷골목,무법자들의 거리2,220,2574,794,2043756,2.5,30,30,80399520,80399520
450003220,레헬른 뒷골목,무법자들의 거리3,221,2574,790,2033460,2.5,30,30,81338400,81338400
450003300,레헬른 야시장,닭이 뛰노는 곳1,221,2317,872,2020424,2.5,27,27,73204560,73204560
450003310,레헬른 야시장,닭이 뛰노는 곳2,222,2300,682,1568600,2.6,28,28,77393520,77393520
450003320,레헬른 야시장,닭이 뛰노는 곳3,221,2817,1060,2986020,2.899999,38,39,104005640,106742631
450003340,레헬른 야시장,우승 접시의 거리1,222,2300,846,1945800,2.899999,31,40,85685682,110562171
450003350,레헬른 야시장,우승 접시의 거리2,223,2300,950,2185000,2.899999,31,40,87530802,112942971
450003360,야시장,숨겨진 접시의 거리,229,1780,949,1689220,1.9,15,28,51745628,96591840
450003400,레헬른 무도회장,본색을 드러내는 곳1,223,2820,817,2303940,2.4,31,31,87530802,87530802
450003410,레헬른 무도회장,본색을 드러내는 곳2,224,2040,654,1334160,2.899999,27,27,77684785,77684785
450003420,레헬른 무도회장,본색을 드러내는 곳3,223,2040,795,1621800,2.7,25,25,71286677,71286677
450003440,레헬른 무도회장,춤추는 구두 점령지1,224,2820,1060,2989200,2.2,29,29,83439214,83439214
450003450,레헬른 무도회장,춤추는 구두 점령지2,225,2560,975,2496000,2.6,31,31,91065600,91065600
450003460,레헬른 무도회장,숨겨진 춤추는 구두 점령지,229,2040,1034,2109360,1.8,17,30,58645045,103491257
450003500,레헬른 시계탑,악몽의 시계탑1층,226,1083,3118,3376794,1.8,40,40,119943771,119943771
450003510,레헬른 시계탑,악몽의 시계탑2층,226,1079,3245,3501355,1.7,40,40,119943771,119943771
450003520,레헬른 시계탑,악몽의 시계탑3층,227,1083,3245,3514335,1.8,40,40,122131200,122131200
450003530,레헬른 시계탑,악몽의 시계탑4층,228,1086,3235,3513210,1.7,40,40,124604571,124604571
450003540,레헬른 시계탑,악몽의 시계탑5층,227,1079,3235,3490565,2.0,40,40,123367885,123367885
450003560,시계탑,숨겨진 악몽의 시계탑,229,1079,3055,3296345,1.6,35,27,93142131,93142131
450005110,아르카나,물의 숲,230,2750,750,2062500,2.4,30,30,101149971,101149971
450005120,아르카나,햇살의 숲,231,2750,895,2461250,2.4,30,30,103128428,103128428
450005121,아르카나,물과 햇살의 숲,230,2750,865,2378750,2.7,34,34,115691811,115691811
450005130,아르카나,흙의 숲,232,2750,805,2213750,2.4,30,30,105114342,105114342
450005131,아르카나,햇살과 흙의 숲,231,2750,840,2310000,2.4,30,31,104281540,107757591
450005210,아르카나,서리구름의 숲,233,3257,744,2423208,1.9,29,29,103331640,103331640
450005220,아르카나,번개구름의 숲,234,3045,744,2265480,2.1,29,30,105280440,108910800
450005221,아르카나,서리와 번개의 숲 1,233,3257,744,2423208,1.6,24,24,86322240,86322240
450005222,아르카나,서리와 번개의 숲 2,233,3257,744,2423208,2.0,30,30,107835600,107835600
450005230,아르카나,맹독의 숲,235,3135,744,2332440,2.1,30,30,110946600,110946600
450005240,아르카나,폭발의 숲,236,3405,744,2533320,2.0,31,32,116755388,120521691
450005241,아르카나,맹독과 폭발의 숲 1,235,2775,744,2064600,2.3,29,30,108235581,111967842
450005242,아르카나,맹독과 폭발의 숲 2,235,3045,744,2265480,2.3,32,32,119568531,119568531
450005410,아르카나,동굴 윗길,237,3290,1005,3306450,1.7,26,37,99506828,141605871
450005411,아르카나,동굴 윗길 깊은 곳 1,237,3740,1005,3758700,1.3,22,33,85027011,127540517
450005412,아르카나,동굴 윗길 깊은 곳 2,238,3380,961,3248180,1.6,25,32,97406571,124680411
450005420,아르카나,동굴 윗길 깊디 깊은 곳,238,2841,963,2735883,1.7,22,29,86455708,113964342
450005430,아르카나,동굴 아랫길,237,2030,1085,2202550,1.85,18,24,68889342,91852457
450005431,아르카나,동굴 아랫길 깊은 곳 1,238,2570,1021,2623970,1.8,21,26,81825750,101308071
450005432,아르카나,동굴 아랫길 깊은 곳 2,239,2570,1049,2695930,1.8,21,27,83280600,107075057
450005440,아르카나,동굴 아랫길 깊디 깊은 곳,238,2480,809,2006320,2.4,27,29,106169421,114033822
450005500,아르카나,다섯 갈래 동굴,238,2828,860,2432080,1.7,22,33,86458902,129688354
450005510,아르카나,다섯 갈래 동굴 윗길,239,2480,906,2246880,2.1,24,31,95881251,123846617
450005520,아르카나,다섯 갈래 동굴 사잇길,239,2699,927,2501973,2.0,25,32,99908008,127882251
450005530,아르카나,다섯 갈래 동굴 아랫길,240,2570,897,2305290,2.0,24,30,96855222,121069028
450005550,아르카나,정령의 나무 밑 동굴,240,3059,871,2664389,1.7,24,32,96855222,129140297
450006010,모라스,산호 숲으로 가는 길2,236,2840,870,2470800,2.4,31,31,116755388,116755388
450006020,모라스,산호 숲으로 가는 길3,236,2570,1080,2775600,2.699999,34,42,128054297,158184720
450006030,모라스,산호 숲으로 가는 길4,236,3020,968,2923360,2.2,31,31,116755388,116755388
450006110,모라스,도둑고양이 출몰지,237,2295,957,2196315,2.799999,30,30,114815571,114815571
450006120,모라스,도둑고양이 출몰지2,237,2295,889,2040255,2.999999,32,32,122469942,122469942
450006140,모라스,형님들 구역,238,2762,1011,2792382,2.4,31,32,120784148,124680411
450006150,모라스,형님들 구역2,238,3229,1010,3261290,2.4,36,36,140265462,140265462
450006160,모라스,형님들 구역3,238,3229,948,3061092,2.5,37,37,144161725,144161725
450006210,모라스,그림자가 춤추는 곳2,239,3308,955,3159140,2.5,38,38,150698228,150698228
450006220,모라스,그림자가 춤추는 곳3,239,3308,955,3159140,2.5,38,38,152375622,152375622
450006230,모라스,그림자가 춤추는 곳4,240,3308,955,3159140,2.5,38,38,153354102,153354102
450006300,모라스,폐쇄구역,241,4161,938,3903018,1.8,35,35,145684200,145684200
450006310,모라스,폐쇄구역2,241,4848,1002,4857696,1.7,38,38,158171417,158171417
450006320,모라스,폐쇄구역3,241,3799,920,3495080,2.2,39,39,162333822,162333822
450006410,모라스,그날의 트뤼에페2,242,3759,889,3341751,2.3,40,40,170587585,170587585
450006420,모라스,그날의 트뤼에페3,243,3734,1340,5003560,1.1,28,40,121319982,173314260
450006430,모라스,그날의 트뤼에페4,244,3779,1223,4621717,1.0,22,33,97190280,145785420
450007010,에스페라,생명이 시작되는 곳2,240,3200,1109,3548800,2.3,37,37,149318468,149318468
450007020,에스페라,생명이 시작되는 곳3,240,3200,1103,3529600,2.3,37,37,152234211,152234211
450007030,에스페라,생명이 시작되는 곳4,241,3200,1083,3465600,2.4,37,37,154009011,154009011
450007050,에스페라,생명이 시작되는 곳5,242,3200,1083,3465600,2.4,37,37,156670474,156670474
450007060,에스페라,생명이 시작되는 곳6,242,3200,1108,3545600,2.3,37,37,158012374,158012374
450007070,에스페라,생명이 시작되는 곳7,243,3200,1158,3705600,2.1,37,36,154736537,154736537
450007110,에스페라,거울빛에 물든 바다2,244,2378,959,2280502,2.7,30,30,131133600,131133600
450007120,에스페라,거울빛에 물든 바다3,244,2378,998,2373244,2.7,30,30,132159240,132159240
450007130,에스페라,거울빛에 물든 바다4,245,2378,998,2373244,2.7,30,30,133331400,133331400
450007140,에스페라,거울빛에 물든 바다5,246,2378,1097,2608666,2.7,32,32,144577645,144577645
450007150,에스페라,거울빛에 물든 바다6,246,2378,1072,2549216,2.7,31,31,141022671,141022671
450007160,에스페라,거울빛에 물든 바다7,247,2378,1121,2665738,2.6,32,32,146948297,146948297
450007210,에스페라,거울에 비친 빛의 신전2,248,3208,1111,3564088,2.3,38,38,177338074,177338074
450007220,에스페라,거울에 비친 빛의 신전3,248,3208,1173,3762984,2.1,38,38,178764377,178764377
450007230,에스페라,거울에 비친 빛의 신전4,249,3208,1111,3564088,2.3,38,38,180190680,180190680
450009110,문브릿지,사상의 경계1,250,2659,1173,3119007,2.5,37,37,185467362,185467362
450009120,문브릿지,사상의 경계2,251,2659,827,2198993,2.799999,34,34,173120228,173120228
450009130,문브릿지,사상의 경계3,250,2659,1035,2752065,2.899999,36,36,182037531,182037531
450009140,문브릿지,사상의 경계4,250,2206,1189,2622934,2.999999,38,38,190479994,190479994
450009150,문브릿지,사상의 경계5,251,2656,1126,2990656,2.599999,36,36,183303771,183303771
450009160,문브릿지,사상의 경계6,250,2206,1260,2779560,2.799999,39,39,196917145,196917145
450009210,문브릿지,미지의 안개1,252,2660,1219,3242540,2.3,36,36,186166697,186166697
450009220,문브릿지,미지의 안개2,253,2660,1070,2846200,2.599999,33,33,173290448,173290448
450009230,문브릿지,미지의 안개3,252,2660,1225,3258500,2.3,37,37,192936565,192936565
450009240,문브릿지,미지의 안개4,252,2660,1168,3106880,2.5,37,37,191337994,191337994
450009250,문브릿지,미지의 안개5,253,2210,1248,2758080,2.699999,37,37,194295351,194295351
450009260,문브릿지,미지의 안개6,252,2210,1378,3045380,2.3,36,36,187605411,187605411
450009310,문브릿지,공허의 파도1,254,2660,1171,3114860,2.4,35,36,186612300,191944080
450009320,문브릿지,공허의 파도2,254,2661,1092,2905812,2.699999,36,36,191944080,191944080
450009330,문브릿지,공허의 파도3,254,2660,992,2638720,2.799999,34,34,181280520,181280520
450009340,문브릿지,공허의 파도4,254,2660,1260,3351600,2.1,35,35,186612300,186612300
450009350,문브릿지,공허의 파도5,254,2660,1275,3391500,2.1,36,36,191944080,191944080
450009360,문브릿지,공허의 파도6,254,2660,1243,3306380,2.2,36,36,191944080,191944080
450011400,테네브리스,고통의 미궁 내부3,255,1940,1110,2153400,3.499999,35,35,189437400,189437400
450011410,테네브리스,고통의 미궁 내부2,255,1940,1225,2376500,2.999999,35,35,189437400,189437400
450011420,테네브리스,고통의 미궁 내부1,255,2210,1105,2442050,3.099999,35,35,189437400,189437400
450011430,테네브리스,고통의 미궁 내부4,256,2210,1105,2442050,3.099999,35,35,192291300,192291300
450011440,테네브리스,고통의 미궁 내부5,256,2210,1230,2718300,2.6,35,35,192291300,192291300
450011450,테네브리스,고통의 미궁 내부6,256,2480,1110,2752800,2.799999,35,35,192291300,192291300
450011510,테네브리스,고통의 미궁 중심부1,257,1940,1285,2492900,2.799999,35,35,195151200,195151200
450011520,테네브리스,고통의 미궁 중심부2,257,1940,1105,2143700,3.499999,34,35,189575451,195151200
450011530,테네브리스,고통의 미궁 중심부3,257,2300,1165,2679500,2.899999,37,37,206302697,206302697
450011540,테네브리스,고통의 미궁 중심부4,258,2300,1170,2691000,2.899999,37,37,209714202,209714202
450011550,테네브리스,고통의 미궁 중심부5,258,1940,1225,2376500,3.199999,37,36,204046251,204046251
450011560,테네브리스,고통의 미궁 중심부6,258,2120,1225,2597000,2.899999,37,37,209714202,209714202
450011570,테네브리스,고통의 미궁 중심부7,258,2030,1285,2608550,2.7,35,35,198378300,198378300
450011600,테네브리스,고통의 미궁 최심부1,259,2480,1105,2740400,2.799999,35,35,201282000,201282000
450011610,테네브리스,고통의 미궁 최심부2,259,2210,1105,2442050,3.099999,35,35,201282000,201282000
450011620,테네브리스,고통의 미궁 최심부3,259,1940,1290,2502600,2.799999,35,35,201282000,201282000
450011630,테네브리스,고통의 미궁 최심부4,259,1969,1410,2776290,2.4,35,35,201282000,201282000
450011640,테네브리스,고통의 미궁 최심부5,259,2300,1171,2693300,2.599999,33,36,189780171,207032914
450011650,테네브리스,고통의 미궁 최심부6,259,2660,985,2620100,2.799999,34,34,195531085,195531085
450012020,리멘,세계의 눈물 하단1,260,3963,797,3158511,1.8,33,35,192523320,204191400
450012030,리멘,세계의 눈물 하단2,260,4271,816,3485136,1.7,34,34,200036331,200036331
450012040,리멘,세계의 눈물 하단3,261,3654,771,2817234,2.0,34,34,201211611,201211611
450012100,리멘,세계의 눈물 중단1,261,1543,1847,2849921,1.9,31,34,183457645,201211611
450012110,리멘,세계의 눈물 중단2,261,1543,1742,2687906,2.2,34,34,202725154,202725154
450012120,리멘,세계의 눈물 중단3,262,1543,1819,2806717,2.1,34,34,204070525,204070525
450012130,리멘,세계의 눈물 중단4,262,1543,1792,2765056,2.1,33,34,237682028,244884514
450012310,리멘,세계가 끝나는 곳 1-2,239,2211,1053,2328183,2.0,20,25,0,0
450012320,리멘,세계가 끝나는 곳 1-3,235,2664,1104,2941056,2.999999,40,30,0,0
450012330,리멘,세계가 끝나는 곳 1-4,262,2210,1038,2293980,3.099999,32,32,192066377,192066377
450012340,리멘,세계가 끝나는 곳 1-5,262,2210,895,1977950,2.999999,31,31,187588491,187588491
450012350,리멘,세계가 끝나는 곳 1-6,263,2210,1210,2674100,2.7,35,35,213036300,213036300
450012360,리멘,세계가 끝나는 곳 1-9,263,2210,1110,2453100,3.099999,35,35,255643500,255643500
450012370,리멘,세계가 끝나는 곳 1-7,263,2210,795,1756950,3.099999,32,32,194776045,194776045
450012380,리멘,세계가 끝나는 곳 1-8,263,2210,1008,2227680,3.399999,35,35,213036300,213036300
450012400,리멘,세계가 끝나는 곳 2-1,235,1759,1133,1992947,2.999999,28,14,0,0
450012410,리멘,세계가 끝나는 곳 2-2,229,1761,982,1729302,1.0,8,21,0,0
450012420,리멘,세계가 끝나는 곳 2-3,263,1763,953,1680139,3.899999,32,32,194776045,194776045
450012430,리멘,세계가 끝나는 곳 2-4,263,1761,1076,1894836,3.899999,33,33,202770111,202770111
450012440,리멘,세계가 끝나는 곳 2-5,264,1761,1216,2141376,3.199999,33,33,204009865,204009865
450012450,리멘,세계가 끝나는 곳 2-8,264,1760,1262,2221120,3.199999,35,35,259648800,259648800
450012460,리멘,세계가 끝나는 곳 2-6,264,1760,1018,1791680,4.099998,33,33,204009865,204009865
450012470,리멘,세계가 끝나는 곳 2-7,264,2653,818,2170154,2.7,33,33,204009865,204009865
450014020,리버스 시티,지하선로1,205,2323,756,1756188,2.4,26,26,25107531,25107531
450014030,리버스 시티,지하선로2,205,2323,756,1756188,2.4,26,26,25107531,25107531
450014040,리버스 시티,지하선로3,205,2323,756,1756188,2.4,26,26,25107531,25107531
450014060,리버스 시티,지하선로4,205,2323,756,1756188,2.4,26,26,25107531,25107531
450014070,리버스 시티,지하선로5,205,2323,756,1756188,2.5,27,27,26073205,26073205
450014080,리버스 시티,지하선로6,205,2323,756,1756188,2.4,26,26,25107531,25107531
450014100,리버스 시티,T-boy의 연구열차1,206,2360,760,1793600,2.5,27,27,26723057,26723057
450014110,리버스 시티,T-boy의 연구열차2,206,2360,751,1772360,2.599999,28,28,27712800,27712800
450014120,리버스 시티,T-boy의 연구열차3,206,2360,751,1772360,2.5,27,27,26723057,26723057
450014140,리버스 시티,지하열차1,207,2360,748,1765280,2.4,26,26,26430411,26430411
450014150,리버스 시티,지하열차2,207,2360,748,1765280,2.4,26,26,26675125,26675125
450014160,리버스 시티,지하열차3,208,2360,748,1765280,2.5,27,27,28107694,28107694
450014170,리버스 시티,지상열차1,207,2360,750,1770000,2.5,27,27,27446965,27446965
450014180,리버스 시티,지상열차2,207,2360,747,1762920,2.4,26,26,26748540,26748540
450014190,리버스 시티,지상열차3,208,2360,747,1762920,2.5,27,27,28107694,28107694
450014210,리버스 시티,M타워2,209,2101,1345,2825845,2.3,33,35,35165365,37296600
450014220,리버스 시티,M타워3,209,2097,1358,2847726,2.2,32,34,34099748,36230982
450014230,리버스 시티,M타워4,209,2096,1361,2852656,2.3,34,35,36230982,37296600
450014300,리버스 시티,숨겨진 연구열차,210,2360,751,1772360,2.599999,28,28,59520720,59520720
450014310,리버스 시티,숨겨진 지하열차,211,2360,748,1765280,2.599999,28,28,61591765,61591765
450014320,리버스 시티,숨겨진 M타워,213,2096,1349,2827504,2.2,32,35,72907337,79742400
450015030,얌얌 아일랜드,머쉬버드 숲1,215,2556,716,1830096,2.3,27,27,64369080,64369080
450015040,얌얌 아일랜드,머쉬버드 숲2,215,2556,716,1830096,2.3,27,27,65027065,65027065
450015050,얌얌 아일랜드,머쉬버드 숲3,216,2556,716,1830096,2.3,27,27,65735665,65735665
450015070,얌얌 아일랜드,머쉬버드 숲4,215,2556,716,1830096,2.3,27,27,64369080,64369080
450015080,얌얌 아일랜드,머쉬버드 숲5,215,2556,716,1830096,2.3,27,27,65178908,65178908
450015090,얌얌 아일랜드,머쉬버드 숲6,216,2556,781,1996236,2.3,27,27,65735665,65735665
450015110,얌얌 아일랜드,일리야드 들판1,217,2556,874,2233944,2.3,27,27,67271425,67271425
450015120,얌얌 아일랜드,일리야드 들판2,217,2556,893,2282508,2.3,27,27,67988305,67988305
450015130,얌얌 아일랜드,일리야드 들판3,218,2556,907,2318292,2.3,27,27,68653980,68653980
450015150,얌얌 아일랜드,일리야드 들판4,217,2556,909,2323404,2.3,27,27,67271425,67271425
450015160,얌얌 아일랜드,일리야드 들판5,217,2556,843,2154708,2.3,27,27,67885894,67885894
450015170,얌얌 아일랜드,일리야드 들판6,218,2556,853,2180268,2.3,27,27,68653980,68653980
450015200,얌얌 아일랜드,펑고스 숲1,219,2556,849,2170044,2.3,27,27,70214040,70214040
450015210,얌얌 아일랜드,펑고스 숲2,219,2556,871,2226276,2.3,27,27,70214040,70214040
450015220,얌얌 아일랜드,펑고스 숲3,219,2556,859,2195604,2.3,27,27,70214040,70214040
450015240,얌얌 아일랜드,펑고스 숲4,219,2556,782,1998792,2.3,27,27,70214040,70214040
450015250,얌얌 아일랜드,펑고스 숲5,219,2556,877,2241612,2.3,27,27,70214040,70214040
450015260,얌얌 아일랜드,펑고스 숲6,219,2556,877,2241612,2.3,27,27,70214040,70214040
450015280,얌얌 아일랜드,숨겨진 머쉬버드 숲,220,2556,716,1830096,2.3,27,27,71620200,71620200
450015290,얌얌 아일랜드,숨겨진 일리야드 들판,220,2556,769,1965564,2.3,27,27,71620200,71620200
450015300,얌얌 아일랜드,숨겨진 펑고스 숲,220,2556,750,1917000,2.3,27,27,71620200,71620200
450016010,셀라스,빛이 마지막으로 닿는 곳 1,245,2256,900,2030400,2.6,27,27,119998260,119998260
450016020,셀라스,빛이 마지막으로 닿는 곳 2,245,2160,989,2136240,3.099999,31,33,137775780,146664540
450016030,셀라스,빛이 마지막으로 닿는 곳 3,245,3256,987,3213672,2.5,38,38,168886440,168886440
450016040,셀라스,빛이 마지막으로 닿는 곳 4,246,2056,918,1887408,2.799999,26,26,117469337,117469337
450016050,셀라스,빛이 마지막으로 닿는 곳 5,246,2160,989,2136240,3.099999,31,33,140059594,149095697
450016060,셀라스,빛이 마지막으로 닿는 곳 6,246,3056,989,3022384,2.5,35,39,158131800,176204005
450016070,셀라스,빛이 마지막으로 닿는 곳 7,247,2456,858,2107248,2.3,26,26,119395491,119395491
450016080,셀라스,빛이 마지막으로 닿는 곳 8,247,2560,985,2521600,2.7,32,32,146948297,146948297
450016090,셀라스,빛이 마지막으로 닿는 곳 9,247,3056,988,3019328,2.7,38,38,174501102,174501102
450016110,셀라스,끝없이 추락하는 심해 1,248,1954,896,1750784,2.899999,26,26,121336577,121336577
450016120,셀라스,끝없이 추락하는 심해 2,248,2267,1377,3121659,2.1,34,34,158670908,158670908
450016130,셀라스,끝없이 추락하는 심해 3,248,2631,1189,3128259,2.6,39,39,182004865,182004865
450016140,셀라스,끝없이 추락하는 심해 4,249,1545,1094,1690230,3.399999,26,26,123288360,123288360
450016150,셀라스,끝없이 추락하는 심해 5,249,2265,1152,2609280,2.7,33,33,156481380,156481380
450016160,셀라스,끝없이 추락하는 심해 6,249,2982,1371,4088322,1.8,38,38,180190680,180190680
450016210,셀라스,별이 삼켜진 심해 1,250,1908,831,1585548,2.799999,25,25,125315785,125315785
450016220,셀라스,별이 삼켜진 심해 2,250,2468,1143,2820924,2.5,33,33,165416837,165416837
450016230,셀라스,별이 삼켜진 심해 3,250,2770,1200,3324000,2.4,38,39,190479994,195492625
450016240,셀라스,별이 삼켜진 심해 4,251,2402,831,1996062,2.3,25,25,127294285,127294285
450016250,셀라스,별이 삼켜진 심해 5,251,2065,1195,2467675,2.7,32,32,162936685,162936685
450016260,셀라스,별이 삼켜진 심해 6,251,3163,1088,3441344,2.6,40,40,203670857,203670857
450020000,꿈의 도시 레헬른,악몽의 시계탑 <이지>,101,760,330,250800,1.0,3,2,0,0
450020100,꿈의 도시 레헬른,악몽의 시계탑 <노멀>,101,760,330,250800,1.0,3,2,0,0
450020200,꿈의 도시 레헬른,악몽의 시계탑 <하드>,101,760,330,250800,1.0,3,2,0,0
450020300,에스페라,거울에 비친 빛의 신좌 <이지>,101,1765,541,954865,1.0,8,2,0,0
450020400,에스페라,거울에 비친 빛의 신좌 <노멀>,101,1765,541,954865,1.0,8,2,0,0
450020500,에스페라,거울에 비친 빛의 신좌 <하드>,101,1765,541,954865,1.0,8,2,0,0
450020600,문브릿지,공허의 눈 앞 <노멀>,101,1760,330,580800,1.0,8,2,0,0
450020700,문브릿지,공허의 눈 앞 <카오스>,101,1760,330,580800,1.0,8,2,0,0
450020800,고통의 미궁,욕망의 제단 입구 <노멀>,101,1400,330,462000,2.999999,19,2,0,0
450020900,고통의 미궁,욕망의 제단 입구 <하드>,101,1400,330,462000,2.999999,19,2,0,0
450021000,리멘,끝에 가까운 곳 앞 <노멀>,101,1576,921,1451496,1.0,7,2,0,0
450021100,리멘,끝에 가까운 곳 앞 <하드>,101,1576,921,1451496,1.0,7,2,0,0
450021200,리멘,거인의 심장 <하드>,101,1960,373,731080,2.999999,27,2,0,0
450021300,리멘,거인의 심장 <익스트림>,101,1960,373,731080,2.999999,27,2,0,0
680000400,웨딩빌리지,웨딩파크,10,2018,1885,3803930,4.999996,40,50,0,0
900000000,히든스트리트,유타네 돼지농장,0,3638,1290,4693020,1.6,38,28,0,0
910010000,히든스트리트,달맞이꽃 언덕,8,1760,1335,2349600,1.0,12,21,1482,2579
910010200,히든스트리트,돼지의 마을,14,2030,1223,2482690,1.299998,15,36,3814,9154
910023100,히든스트리트,메이플 대운동장 경기 중,0,1490,330,491700,1.0,6,1,0,0
910023400,히든스트리트,메이플 대운동장 경기 중,0,1490,330,491700,1.0,6,2,0,0
910027800,히든스트리트,액션 히어로 경기 중,0,6697,745,4989265,1.0,31,10,0,0
910050100,히든스트리트,위험한 펫산책로,16,1978,1268,2508104,1.8,22,24,5280,5760
910060000,빅토리아 로드,궁수 수련장,7,1529,930,1421970,1.999998,14,31,1614,3574
910060100,빅토리아 로드,왕연해의 스포아 수련장,12,1580,930,1469400,1.999998,14,19,2520,3420
910060101,빅토리아 로드,왕연해의 대여된 수련장,8,,,,1.999998,7,20,915,2614
910070000,궁수 시험장,궁수의 골렘사원,0,1490,835,1244150,1.599998,11,20,0,0
910080020,히든스트리트,페로몬 좀비 머쉬맘의 숲,65,1388,1045,1450460,0.9999982,6,13,14862,29725
910090303,파르템,유적 수호자의 방,5,1646,764,1257544,2.5,19,20,0,0
910090350,파르템,죽음의 늪,29,1478,4928,7283584,3.999998,40,93,0,0
910090400,파르템,통통독독숲,135,1400,330,462000,2.5,16,10,0,0
910100002,히든스트리트,남쪽 비밀의 숲,10,1050,3150,3307500,0.8999982,19,22,2975,3445
910100100,히든스트리트,이상한 엑스텀프의 출현지,18,1006,641,644846,1.699998,8,9,2057,2314
910100110,히든스트리트,펜시의 테스트 공간1,20,1154,542,625468,1.999998,10,12,3600,4320
910100120,히든스트리트,펜시의 테스트 공간2,22,1154,492,567768,1.999998,10,11,3857,4242
910100130,히든스트리트,펜시의 테스트 공간3,24,1109,521,577789,2.099998,10,11,4200,4620
910100140,히든스트리트,펜시의 테스트 공간4,26,1112,501,557112,2.099998,10,11,4457,4902
910100150,히든스트리트,피그미 그래스의 군락지,27,848,302,256096,1.599998,6,7,220,257
910120000,빅토리아 로드,마법사 수련장,11,1383,857,1185231,1.999998,12,32,1973,5262
910130101,인내의 숲,4단계,0,1906,2063,3932078,1.599998,38,18,0,0
910140000,마법사 시험장,마법사의 숲,0,1006,1290,1297740,1.599998,10,31,0,0
910150220,요정의 숲,공격받는 빛나는 동굴길,0,986,612,603432,2.0,9,6,0,0
910150230,요정의 숲,점령당한 엘프의 숲,0,950,991,941450,2.0,8,6,0,0
910160000,유니크로드,골드리치의 보물창고,32,1478,805,1189790,2.999999,20,20,11657,11657
910170000,유니크로드,으슥한 골목길,32,1310,721,944510,4.099998,25,15,8742,8742
910180000,유니크로드,어두운 골목길,32,1310,721,944510,4.099998,25,15,8742,8742
910190000,무르무르의 던전,전사의 방,100,2063,852,1757676,4.399998,40,30,0,0
910190100,무르무르의 던전,마법사의 방,100,2063,852,1757676,4.399998,40,30,0,0
910190200,무르무르의 던전,궁수의 방,100,2063,852,1757676,4.399998,40,30,0,0
910190300,무르무르의 던전,도적의 방,100,2063,852,1757676,4.399998,40,30,0,0
910190400,무르무르의 던전,해적의 방,100,2063,852,1757676,4.399998,40,30,0,0
910190416,무르무르의 던전,미니무르 호위!,100,2062,330,680460,4.399998,40,11,0,0
910190500,무르무르의 던전,전사의 방,100,2063,852,1757676,4.399998,40,30,0,0
910190600,무르무르의 던전,마법사의 방,100,2063,852,1757676,4.399998,40,30,0,0
910190700,무르무르의 던전,궁수의 방,100,2063,852,1757676,4.399998,40,30,0,0
910190800,무르무르의 던전,도적의 방,100,2063,852,1757676,4.399998,40,30,0,0
910190900,무르무르의 던전,해적의 방,100,2063,852,1757676,4.399998,40,30,0,0
910191000,무르무르의 던전,전사의 방,100,2063,852,1757676,4.399998,40,15,0,0
910191100,무르무르의 던전,마법사의 방,100,2063,852,1757676,4.399998,40,15,0,0
910191200,무르무르의 던전,궁수의 방,100,2063,852,1757676,4.399998,40,15,0,0
910191300,무르무르의 던전,도적의 방,100,2063,852,1757676,4.399998,40,15,0,0
910191400,무르무르의 던전,해적의 방,100,2063,852,1757676,4.399998,40,15,0,0
910191416,무르무르의 던전,미니무르 호위!,100,2062,330,680460,4.399998,40,11,0,0
910191500,무르무르의 던전,전사의 방,100,2063,852,1757676,4.399998,40,15,0,0
910191600,무르무르의 던전,마법사의 방,100,2063,852,1757676,4.399998,40,15,0,0
910191700,무르무르의 던전,궁수의 방,100,2063,852,1757676,4.399998,40,15,0,0
910191800,무르무르의 던전,도적의 방,100,2063,852,1757676,4.399998,40,15,0,0
910191900,무르무르의 던전,해적의 방,100,2063,852,1757676,4.399998,40,15,0,0
910192300,무르무르의 던전,패자의 방,32,1462,574,839188,4.399998,30,1,0,0
910192700,무르무르의 던전,패자의 방,32,1462,574,839188,4.399998,30,1,0,0
910193005,무르무르의 수련,전사의 방,75,2063,852,1757676,1.3,12,12,0,0
910193006,무르무르의 수련,마법사의 방,75,2063,852,1757676,1.3,12,12,0,0
910193007,무르무르의 수련,궁수의 방,75,2063,852,1757676,1.3,12,12,0,0
910193008,무르무르의 수련,도적의 방,75,2063,852,1757676,1.3,12,12,0,0
910193009,무르무르의 수련,해적의 방,75,2063,852,1757676,1.3,12,12,0,0
910193010,무르무르의 수련,3단계 : 모의실전,75,2063,852,1757676,4.399998,40,15,0,0
910196010,히든스트리트,리본돼지 군집,9,1580,840,1327200,1.499998,11,11,1542,1542
910196150,히든스트리트,에델슈타인 산책로,20,2030,925,1877750,1.4,13,16,3900,4800
910196200,히든스트리트,날카로운 절벽,0,1040,2123,2207920,1.4,19,20,0,0
910196250,히든스트리트,리본돼지 군집,11,1580,840,1327200,0.9999982,7,14,1174,2348
910196300,히든스트리트,리본돼지 군집,11,1580,840,1327200,0.9999982,7,15,1188,2545
910196320,히든스트리트,버섯마을,20,1400,330,462000,1.0,6,12,1800,3600
910196340,히든스트리트,요정의 숲,7,2365,826,1953490,2.0,22,27,2262,2777
910196360,히든스트리트,요정의 숲,7,2365,826,1953490,2.0,22,26,2262,2674
910196380,히든스트리트,달팽이동산,1,1400,385,539000,1.0,6,12,154,308
910200000,히든스트리트,미공개된 유적,0,1137,1295,1472415,1.0,7,12,0,0
910200001,히든스트리트,미공개된 유적,0,1137,1295,1472415,1.0,7,12,0,0
910200002,히든스트리트,미공개된 유적,0,1137,1295,1472415,1.0,7,12,0,0
910220000,빅토리아 로드,전사 수련장,20,1605,1050,1685250,1.999998,15,35,4500,10500
910230000,전사의 시험장,전사의 땅,0,1310,980,1283800,1.599998,9,21,0,0
910240000,히든스트리트,고스텀프 점령지,18,2030,810,1644300,1.999998,19,26,5211,7131
910300000,히든스트리트,다크로드의 훈련장,80,2027,1092,2213484,1.0,10,6,0,0
910310000,빅토리아 로드,도적 수련장,16,1348,1158,1560984,2.0,14,30,3480,7457
910310100,히든스트리트,도적의 아지트,10,650,813,528450,2.4,9,8,0,0
910310200,히든스트리트,2호선 3구간,45,2255,688,1551440,2.0,21,20,0,0
910310300,히든스트리트,늪지대 오두막,46,989,330,326370,2.0,9,10,0,0
910310515,커닝타워,3층 팬시샵 <1>,151,1703,330,561990,1.8,14,1,0,0
910310520,커닝타워,생방송 데뷔 무대,155,1865,330,615450,1.0,8,1,0,0
910310530,커닝타워,펜트하우스,155,2534,330,836220,1.0,11,1,0,0
910340100,히든스트리트,첫번째동행<1관문>,23,2030,1049,2129470,1.2,11,17,3017,4662
910340400,히든스트리트,첫번째동행<4관문>,25,2423,796,1928708,5.999997,40,19,0,0
910340600,히든스트리트,첫번째동행<보너스>,11,1106,1140,1260840,1.6,9,36,1517,6068
910350300,히든스트리트,이도류의 극의,30,2970,617,1832490,1.6,22,20,10285,10285
910360000,B1,1구역,0,4510,2528,11401280,1.2,40,3,0,0
910360001,B1,2구역,0,1280,1738,2224640,1.2,15,12,0,0
910360002,B1,지하철 기지창,10,2230,658,1467340,0.4999999,5,9,728,1311
910360102,B2,지하철 기지창,41,2230,658,1467340,0.4999999,5,13,5601,13880
910360200,B3,1구역,0,1360,3538,4811680,1.2,39,4,0,0
910360203,B3,지하철 기지창,40,2230,658,1467340,0.4999999,5,12,5716,11904
910370000,도적 시험장,도적의 늪,0,1310,818,1071580,1.6,9,20,0,0
910500000,히든스트리트,이계의 궁수 수련장,80,1042,1321,1376482,1.1,7,5,85714,85714
910500100,히든스트리트,비밀의 신전,75,1948,738,1437624,0.9,8,11,27634,37997
910500200,히든스트리트,잊혀진 신전,80,1762,2023,3564526,1.0,21,7,0,0
910520000,히든스트리트,영웅의 기억,50,772,330,254760,1.0,3,1,0,0
910530200,끈기의 숲,5단계,0,1830,2670,4886100,1.0,31,27,0,0
910540100,히든스트리트,차원의 세계,70,1225,976,1195600,1.0,5,1,0,0
910540200,히든스트리트,차원의 세계,70,1222,976,1192672,1.0,5,1,0,0
910540300,히든스트리트,차원의 세계,70,1224,976,1194624,1.0,5,1,0,0
910540400,히든스트리트,차원의 세계,70,1222,976,1192672,1.0,5,1,0,0
910540500,히든스트리트,차원의 세계,70,1221,976,1191696,1.0,5,1,0,0
910600000,히든스트리트,골렘의 사원 입구,0,2108,1022,2154376,0.6999999,6,1,0,0
910600010,히든스트리트,버려진 아지트,0,1163,418,486134,1.0,5,3,0,0
910810100,모미지 언덕,모미지 언덕 주변1,33,1878,985,1849830,1.0,8,17,0,0
910810120,모미지 언덕,모미지 언덕 주변2,33,1850,925,1711250,1.0,8,24,0,0
910810140,모미지 언덕,모미지 언덕 주변3,33,1905,930,1771650,1.0,8,19,0,0
910810160,모미지 언덕,모미지 언덕의 숨겨진 들판1,33,1896,960,1820160,1.0,8,13,0,0
910810180,모미지 언덕,모미지 언덕의 숨겨진 들판2,33,1850,925,1711250,1.0,8,20,0,0
910810200,모미지 언덕,모미지 언덕의 숨겨진 들판3,33,1881,930,1749330,1.0,8,17,0,0
910811120,히에이잔,서탑지역1,33,1850,330,610500,1.0,8,12,0,0
910811140,히에이잔,서탑지역2,33,1760,330,580800,1.0,8,12,0,0
910811160,히에이잔,서탑지역3,33,1890,690,1304100,1.0,8,12,0,0
910811180,히에이잔,서탑지역 종루의 숨겨진 길1,33,1580,330,521400,3.0,22,10,0,0
910811200,히에이잔,서탑지역 종루의 숨겨진 길2,33,1488,330,491040,3.0,20,10,0,0
910811220,히에이잔,서탑지역 종루의 숨겨진 길3,33,1490,330,491700,3.0,20,10,0,0
910812100,히에이잔,작은 사당 내부,33,1955,692,1352860,1.0,9,1,0,0
910812120,히에이잔,작은 사당 내부,33,1956,696,1361376,1.0,9,1,0,0
910812140,히에이잔,작은 사당 내부,33,1948,685,1334380,1.0,9,1,0,0
910812160,히에이잔,작은 사당 내부,33,1956,696,1361376,1.0,9,1,0,0
910812180,히에이잔,작은 사당 내부,33,1948,330,642840,1.0,9,1,0,0
912000000,히든스트리트,비밀 장소,7,1580,840,1327200,0.9999982,7,14,617,1234
912010000,히든스트리트,카이린의 훈련장,120,860,411,353460,1.0,4,1,0,0
912010100,히든스트리트,카이린의 훈련장,120,857,412,353084,1.0,4,1,0,0
912030000,빅토리아 로드,해적 수련장,7,1349,1230,1659270,2.0,16,34,1827,3882
912040000,해적 시험장,해적의 갑판,0,2873,565,1623245,1.6,21,23,0,0
912040005,해적 시험장,해적의 갑판,0,4164,545,2269380,1.6,31,16,0,0
912040100,히든스트리트,슈린츠의 첫번째 시험장,18,4164,545,2269380,1.0,19,16,5348,5348
912040200,히든스트리트,슈린츠의 두번째 시험장,22,4164,545,2269380,1.0,19,18,7714,7714
912040300,히든스트리트,무라트의 방,22,860,411,353460,1.0,4,7,1097,2018
912040400,히든스트리트,발레리의 심술쟁이 해안가,23,1460,777,1134420,1.799998,12,12,4937,4937
913000000,히든스트리트,제 1 연무장,8,1760,1050,1848000,2.0,16,18,1782,2005
913000100,히든스트리트,제 1 연무장,10,1760,1050,1848000,2.0,16,17,2331,2477
913000200,히든스트리트,제 1 연무장,12,1760,1050,1848000,2.0,16,17,2880,3060
913001000,히든스트리트,제 2 연무장,0,1310,2130,2790300,1.4,24,20,0,0
913001001,히든스트리트,제 2 연무장,0,1310,2130,2790300,1.4,24,19,0,0
913001002,히든스트리트,제 2 연무장,0,1310,2130,2790300,1.4,24,19,0,0
913010000,히든스트리트,제 3 연무장,90,1220,330,402600,1.0,5,1,0,0
913010100,히든스트리트,제 3 연무장,90,1220,330,402600,1.0,5,1,0,0
913010200,히든스트리트,제 3 연무장,90,1220,330,402600,1.0,5,1,0,0
913010300,히든스트리트,제 3 연무장,90,1220,330,402600,1.0,5,1,0,0
913020000,히든스트리트,제 4 연무장,100,1220,330,402600,1.0,5,1,0,0
913020100,히든스트리트,제 4 연무장,100,1220,330,402600,1.0,5,1,0,0
913020200,히든스트리트,제 4 연무장,100,1220,330,402600,1.0,5,1,0,0
913020300,히든스트리트,제 4 연무장,100,1220,330,402600,1.0,5,1,0,0
913050100,히든스트리트,신비한 광산,10,1130,543,613590,1.0,5,10,0,0
913051301,히든스트리트,마법제련술사의 제련실,180,1567,485,759995,2.999999,22,7,0,0
913060000,히든스트리트,빛의 정령의 터,0,1400,930,1302000,2.0,13,11,0,0
913070002,히든스트리트,림버트씨네 잡화상점,3,890,585,520650,2.0,8,8,352,352
913070100,히든스트리트,에레브 정원,0,1490,366,545340,1.5,10,8,0,0
913070200,히든스트리트,나인하트의 시험장,0,2030,1119,2271570,1.9,20,27,0,0
913070300,히든스트리트,훈련병 제1 수련장,10,1760,1050,1848000,2.0,16,21,2331,3060
913070310,히든스트리트,훈련병 제2 수련장,11,1760,1050,1848000,2.0,16,21,2605,3420
913070320,히든스트리트,훈련병 제3 수련장,11,1760,1050,1848000,2.0,16,19,2605,3094
913070330,히든스트리트,훈련용 몬스터 사육장 1구역,12,1760,870,1531200,2.0,16,23,2880,4140
913070340,히든스트리트,훈련용 몬스터 사육장 2구역,13,1760,870,1531200,2.0,16,25,3154,4928
913070410,히든스트리트,페리온 남쪽령-크롬의 천막,15,1400,900,1260000,1.999998,13,17,2897,3788
913070800,히든스트리트,입단 시험장,0,1130,330,372900,1.0,5,1,0,0
914010000,스노우 아일랜드,수련장1,6,2030,1105,2243150,1.4,14,16,1200,1371
914010100,스노우 아일랜드,수련장2,8,2030,1105,2243150,1.4,14,16,1560,1782
914010200,스노우 아일랜드,수련장3,7,2030,1105,2243150,1.4,14,16,1440,1645
914020000,히든스트리트,마하와의 대련,0,5630,981,5523030,1.0,26,1,0,0
914021010,히든스트리트,대장간 외곽,0,1490,1530,2279700,1.8,22,11,0,0
914022000,히든스트리트,도둑까마귀를 쫓아라!,0,1927,556,1071412,1.0,9,1,0,0
914022200,히든스트리트,도둑까마귀의 영역,0,945,874,825930,1.0,4,1,0,0
914030000,히든스트리트,늑대의 시험,0,1760,1530,2692800,1.0,14,30,0,0
920010100,히든스트리트,여신의 탑<중앙탑>,52,690,2661,1836090,0.6999999,9,4,0,0
920010200,히든스트리트,여신의 탑<산책로>,54,3010,1359,4090590,5.999997,40,30,0,0
920010300,히든스트리트,여신의 탑<창고>,55,490,1579,773710,1.0,7,1,0,0
920010601,히든스트리트,여신의 탑<객실 301호>,55,690,2177,1502130,3.999998,40,10,0,0
920010602,히든스트리트,여신의 탑<객실 302호>,55,690,2957,2040330,4.999998,40,10,0,0
920010603,히든스트리트,여신의 탑<객실 303호>,55,690,2177,1502130,4.999998,40,10,0,0
920010800,히든스트리트,여신의 탑<정원>,53,1480,1588,2350240,1.0,13,9,0,0
920010910,히든스트리트,여신의 탑<감옥1>,0,690,2597,1791930,1.0,13,8,0,0
920010920,히든스트리트,여신의 탑<감옥2>,0,690,2477,1709130,1.0,12,10,0,0
920010930,히든스트리트,여신의 탑<감옥3>,0,690,2477,1709130,1.0,12,9,0,0
920011000,히든스트리트,여신의 탑<암흑의 방>,53,690,2772,1912680,1.0,14,19,0,0
920012100,히든스트리트,콜로세움 앞마당,79,2510,1175,2949250,2.999999,40,72,290857,523542
920020100,히든스트리트,이상한 공간,75,690,1375,948750,2.799999,16,11,41108,41108
921100300,히든스트리트,타일러스를 지켜라,90,1580,1050,1659000,0.6999999,5,9,88071,140914
921110100,히든스트리트,죽은자들의 숲,57,4010,930,3729300,1.1,20,14,20640,20640
921120100,얼음협곡,얼음협곡 2,85,4190,780,3268200,1.3,25,6,33120,33120
921120200,얼음협곡,얼음협곡 3,86,2210,1720,3801200,0.8000002,17,5,28928,28928
921120700,얼음협곡,얼음 절벽,84,4190,1769,7412110,1.0,40,5,26837,26837
921140000,사자왕의 성,비밀복도,0,3201,330,1056330,0.4999999,7,4,0,0
921140100,사자왕의 성,위험한 첫번째 탑루,0,1700,330,561000,1.0,7,4,0,0
921160200,히든스트리트,공중 감옥으로 가는 길,126,2480,630,1562400,1.5,17,12,0,0
921160300,히든스트리트,어두운 탑1,120,734,758,556372,1.3,4,4,0,0
921160310,히든스트리트,어두운 탑2,120,734,758,556372,1.3,4,4,0,0
921160320,히든스트리트,어두운 탑3,120,734,758,556372,1.3,4,4,0,0
921160330,히든스트리트,어두운 탑4,120,734,758,556372,1.3,4,4,0,0
921160340,히든스트리트,어두운 탑5,120,734,758,556372,1.3,4,4,0,0
921160350,히든스트리트,어두운 탑6,120,734,758,556372,1.2,4,4,0,0
921160400,히든스트리트,공중 감옥으로 통하는 비밀문,94,1701,330,561330,1.5,11,16,0,0
921160600,히든스트리트,공중 감옥,70,2662,576,1533312,1.0,12,8,49028,49028
921170003,히든스트리트,니은 숲,1,2558,1410,3606780,2.0,38,27,231,231
921170004,히든스트리트,헤네시스 사냥터1,1,2198,1650,3626700,1.499998,30,25,214,214
921170005,히든스트리트,돼지의 해안가,1,3368,1110,3738480,1.799998,31,18,154,154
921170006,히든스트리트,숨쉬는 바위,1,1118,1140,1274520,2.1,12,11,94,94
921170007,히든스트리트,로스웰 초원,1,3814,960,3661440,1.7,30,28,240,240
921170008,히든스트리트,호랑이의 숲,1,2300,1020,2346000,1.6,17,16,137,137
921170010,히든스트리트,해안가 풀숲,1,2738,1830,5010540,1.0,29,34,248,291
921170011,히든스트리트,여우고개,1,2120,865,1833800,2.7,26,18,154,154
921170012,커닝스퀘어,1층 2층 A구역,1,2631,636,1673316,2.3,28,19,162,162
921170013,히든스트리트,남쪽 숲나무 던전,1,780,2345,1829100,2.399998,28,24,205,205
921170014,히든스트리트,원숭이의 늪,1,1793,1740,3119820,1.8,32,23,197,197
921170015,히든스트리트,호랑이 고개,1,2030,960,1948800,2.6,24,15,128,128
921174100,디지털 호라이즌,배틀 그라운드,0,5433,3728,20254224,1.0,40,2,0,0
921174900,디지털 호라이즌,배틀 그라운드(연습장),0,5433,3728,20254224,1.0,40,2,0,0
922000000,히든스트리트,장난감공장<4구역>,0,7036,442,3109912,1.0,32,12,0,0
922000009,히든스트리트,비밀통로,0,832,442,367744,1.0,3,3,0,0
922000010,히든스트리트,인형의 집,0,690,7381,5092890,0.9,38,75,0,0
922010100,히든스트리트,버려진 탑<1단계>,34,690,3265,2252850,4.999998,40,20,0,0
922010300,히든스트리트,버려진 탑<3단계>,35,690,3195,2204550,4.999998,40,9,0,0
922010401,히든스트리트,탑의 암흑,33,1826,690,1259940,1.0,8,3,0,0
922010402,히든스트리트,탑의 암흑,33,1826,690,1259940,1.0,8,3,0,0
922010403,히든스트리트,탑의 암흑,33,1826,690,1259940,1.0,8,3,0,0
922010404,히든스트리트,탑의 암흑,33,1826,690,1259940,1.0,8,3,0,0
922010405,히든스트리트,탑의 암흑,33,1826,690,1259940,1.0,8,2,0,0
922010500,히든스트리트,버려진 탑<5단계>,200,690,2355,1624950,4.999998,40,2,0,0
922010506,히든스트리트,탑의 미로,200,690,4467,3082230,4.999998,40,7,0,0
922010700,히든스트리트,버려진 탑<4단계>,36,690,2307,1591830,4.999998,40,4,0,0
922020000,히든스트리트,잊혀진 어둠,43,3537,1470,5199390,1.0,28,6,372,372
922020100,히든스트리트,타나토스의 방,108,1400,1639,2294600,0.6999999,9,2,0,0
922030002,히든스트리트,영혼들의 놀이터,67,2452,1931,4734812,1.7,40,25,56357,56357
922030011,히든스트리트,보관고 첫 번째 입구,0,1940,515,999100,1.3,11,1,0,0
922030022,히든스트리트,보관고 두 번째 입구,0,1400,325,455000,1.3,8,1,0,0
922200000,히든스트리트,야생 멧돼지의 영역,60,1490,985,1467650,1.3,9,13,17969,21968
922250300,히든 스트리트,도둑 까마귀의 둥지,30,1490,414,616860,1.0,6,1,0,0
922900500,헌티드 맨션,액자방,0,1380,516,712080,1.0,6,1,0,0
923000000,히든스트리트,일그러진 차원,91,1405,1737,2440485,0.6999999,9,28,79300,246711
923010000,히든스트리트,켄타의 사육실,0,770,624,480480,1.2,4,5,0,0
923020110,안개바다,제1 작전실,0,2058,417,858186,1.0,9,8,0,0
923020111,안개바다,제2 작전실,0,2360,330,778800,1.0,11,7,0,0
923020112,안개바다,제3 작전실,0,1161,330,383130,1.0,5,1,0,0
923020113,안개바다,제4 작전실,0,2660,330,877800,1.0,12,7,0,0
923020114,안개바다,제5 작전실,0,2633,478,1258574,1.0,12,7,0,0
923020120,안개바다,제1 작전실,0,2058,417,858186,1.0,9,8,0,0
923020190,안개바다,길을 잃은 함장실,0,1165,416,484640,1.0,5,1,0,0
923030000,히든스트리트,고요한 바닷속,42,2249,1110,2496390,1.6,18,24,18536,24150
923040100,히든스트리트,위험한 바다1,106,1400,2195,3073000,1.2,22,14,183651,183651
923040200,히든스트리트,위험한 바다2,101,1401,2195,3075195,1.6,30,24,230028,230028
923050000,비밀연구기관,베리타스,36,2852,485,1383220,2.0,26,12,0,0
923050005,비밀연구기관,베리타스,67,2852,485,1383220,2.0,26,1,0,0
924000001,히든스트리트,무스의 수련장,88,1760,1110,1953600,1.1,9,10,70740,78600
924000200,4차 전직,또다른 마뇽의 숲,0,1490,420,625800,0.8,5,1,0,0
924000201,4차 전직,또다른 그리프의 숲,0,1490,420,625800,0.8,5,1,0,0
924041000,크리티아스 왕국,왕궁 트뤼에페,30,3913,2241,8769033,1.0,40,9,0,0
925010000,히든스트리트,델리를 찾으러 가는 길1,0,1400,750,1050000,5.999997,39,2,0,0
925010100,히든스트리트,델리를 찾으러 가는 길2,0,1400,1230,1722000,5.999997,40,6,0,0
925010200,히든스트리트,델리를 찾으러 가는 길3,0,1400,1290,1806000,5.999997,40,6,0,0
925010300,히든스트리트,델리를 지켜라!,0,1400,630,882000,1.0,6,6,0,0
925020010,무릉도장,소공의 방,20,961,658,632338,1.0,4,1,0,0
925040001,히든스트리트,무릉도장 특별층,0,961,658,632338,1.0,4,1,0,0
925041000,히든스트리트,수련의 언덕,47,2300,1140,2622000,2.799999,34,32,12240,12240
925041001,히든스트리트,도라지 언덕,53,1541,1028,1584148,2.799999,20,15,18771,18771
925100000,히든스트리트,해적선 가는길,61,3582,1076,3854232,10.0,40,13,0,0
925100100,히든스트리트,뱃머리 돌파!,63,1969,748,1472812,2.0,18,97,27462,147994
925100400,히든스트리트,해적 퇴치!,65,1964,634,1245176,4.999996,40,35,23160,23160
925110000,히든스트리트,해적의 보물창고,0,1346,1118,1504828,3.999998,28,20,0,0
925110001,히든스트리트,해적단의 소굴,69,1967,1068,2100756,1.8,17,14,34388,34388
925110010,히든스트리트,단지가 있는 뒷뜰,82,1541,1023,1576443,1.8,13,20,92207,141857
925120000,히든스트리트,흰털 대장원숭이의 터,135,1041,717,746397,1.0,4,1,0,0
925120100,히든스트리트,라바나의 황금제단,140,1040,658,684320,1.0,4,1,0,0
926000000,히든스트리트,아리안트 뒷골목,0,1400,658,921200,1.0,6,1,0,0
926100001,히든스트리트,실험실 통로,74,3137,420,1317540,10.0,40,42,0,0
926100100,히든스트리트,불쾌한 연구실,73,2014,437,880118,1.7,16,13,30275,30275
926100200,히든스트리트,특수 실험실,73,2436,426,1037736,2.0,22,23,54497,56974
926100401,히든스트리트,중앙 연구실,75,1359,417,566703,10.0,40,3,4586,4586
926110001,히든스트리트,실험실 통로,74,3137,420,1317540,10.0,40,42,0,0
926110100,히든스트리트,불쾌한 연구실,73,2014,437,880118,1.7,16,13,30275,30275
926110200,히든스트리트,특수 실험실,73,2436,426,1037736,2.0,22,23,54497,56974
926110401,히든스트리트,중앙 연구실,75,1357,417,565869,10.0,40,3,4586,4586
926120100,히든스트리트,폐쇄된 연구실,94,2156,445,959420,1.0,10,16,0,0
926130101,히든스트리트,유레테의 실험실1,58,890,437,388930,1.7,7,8,8640,9874
926130103,히든스트리트,유레테의 실험실3,0,1373,661,907553,2.0,12,24,0,0
926200011,히든스트리트,아리안트 시장 뒷골목,80,2570,651,1673070,2.0,24,9,0,0
927010000,히든스트리트,어둠의 신전 회랑,120,3111,330,1026630,0.5999999,8,7,0,0
927030092,신전 깊은 곳,신들의 황혼,0,1758,658,1156764,1.0,8,5,0,0
930000100,독안개의 숲,숲 초입,43,3110,690,2145900,10.0,40,50,0,0
930000200,독안개의 숲,변질된 숲,43,2930,550,1611500,1.0,13,2,1457,1457
930000400,독안개의 숲,중독된 숲,0,3290,729,2398410,2.999999,40,20,0,0
930010001,히든스트리트,위험한 바위산,0,2300,925,2127500,2.0,21,8,0,0
930100600,마스테리아 여신의 시험,타락한 세계수 줄기1,200,1950,1563,3047850,1.6,27,20,0,0
930100700,마스테리아 여신의 시험,타락한 세계수 줄기2,200,1958,1529,2993782,1.7,28,20,0,0
930100800,마스테리아 여신의 시험,타락한 세계수 줄기3,200,1966,1548,3043368,1.8,30,20,0,0
931000200,히든스트리트,발전소 어딘가,0,1310,330,432300,1.0,6,1,0,0
931000320,히든스트리트,신무기 개발 실험실,0,1342,330,442860,1.0,6,1,0,0
931000321,히든스트리트,신무기 개발 실험실,0,1342,330,442860,1.0,6,1,0,0
931000322,히든스트리트,신무기 개발 실험실,0,1342,330,442860,1.0,6,1,0,0
931000323,히든스트리트,신무기 개발 실험실,0,1342,330,442860,1.0,6,1,0,0
931000400,지하본부,트레이닝 룸A,18,1756,330,579480,1.0,8,1,0,0
931000420,에델슈타인,위험! 임시공항,0,1400,622,870800,1.0,6,5,0,0
931000441,히든스트리트,공원 구석,0,1940,745,1445300,1.0,9,6,0,0
931000500,히든스트리트,재규어 서식지,0,1760,930,1636800,1.5,12,10,0,0
931000700,히든스트리트,신무기 개발 실험실,0,1342,330,442860,1.0,6,1,0,0
931000745,히든스트리트,신무기 개발 실험실,0,1342,330,442860,1.0,6,1,0,0
931000790,히든스트리트,신무기 개발 실험실,0,1342,330,442860,1.0,6,1,0,0
931000835,히든스트리트,신무기 개발 실험실,0,1342,330,442860,1.0,6,1,0,0
931000850,히든스트리트,발전소 어딘가,0,1310,330,432300,1.0,6,1,0,0
931010010,에델슈타인,경계 심한 저택,0,1340,591,791940,2.0,12,6,0,0
931010030,에델슈타인,수상쩍은 헤어샵,0,667,585,390195,1.0,3,7,0,0
931020000,발전소 보안대,침입자 수색장1,65,1400,543,760200,1.8,11,5,10285,10285
931020001,발전소 보안대,침입자 수색장2,65,1310,543,711330,1.8,11,5,10285,10285
931020002,발전소 보안대,침입자 수색장3,65,1310,543,711330,1.8,11,5,10285,10285
931020010,블랙윙 아지트,프란시스의 방,66,1490,543,809070,3.199999,22,10,30342,30342
931020011,블랙윙 아지트,엘레오노르의 방,0,1310,330,432300,1.0,6,1,0,0
931040000,히든스트리트,인형사의 방,0,1490,543,809070,1.6,11,7,0,0
931050402,히든스트리트,비어있는 플랫폼,85,1709,641,1095469,1.2,9,1,0,0
931050410,히든스트리트,이상한 통로,90,1670,330,551100,1.0,7,1,0,0
931050411,히든스트리트,픽시맘 공원,49,1400,805,1127000,1.8,11,1,0,0
931050412,히든스트리트,검은 테라스,102,1220,477,581940,1.8,10,5,0,0
931050413,히든스트리트,혼돈의 시간,120,1130,785,887050,1.6,8,1,0,0
931050414,히든스트리트,제노의 초원,78,1130,775,875750,1.7,9,1,0,0
931050415,히든스트리트,뜨거운 사막,90,1130,805,909650,1.4,7,1,0,0
931050416,히든스트리트,숨겨진 수련장,136,2030,330,669900,1.2,11,5,0,0
931050417,히든스트리트,연구소 C-4 구역,98,1098,527,578646,2.0,10,1,0,0
931050418,히든스트리트,이상한 습지,132,1128,702,791856,1.4,7,1,0,0
931050419,히든스트리트,호브의 은신처,106,1480,715,1058200,1.4,9,1,0,0
931050420,히든스트리트,하프의 은신처,113,1310,753,986430,1.3,7,1,0,0
931050421,히든스트리트,버크의 은신처,110,1130,805,909650,1.3,6,5,0,0
931050422,히든스트리트,왕의 은신처,119,1450,805,1167250,1.1,7,1,0,0
931050423,히든스트리트,숨겨진 벌판,71,1400,936,1310400,1.2,7,4,0,0
931050424,히든스트리트,연구소 금지된 비밀 구역,99,1150,378,434700,1.0,5,1,0,0
931050425,히든스트리트,속삭이는 나무들의 숲,115,1490,55,81950,0.8,5,1,0,0
931050426,히든스트리트,정령의 나무 둥지,115,1490,395,588550,0.8,5,1,0,0
931050427,히든스트리트,시계탑의 중앙센터,135,1150,414,476100,4.999998,26,1,0,0
931050428,히든스트리트,황폐해가는 설원의 숲,125,1220,685,835700,0.8,4,1,0,0
931050429,히든스트리트,어두운 심해의 무덤,140,1420,533,756860,1.0,6,1,0,0
931050430,히든스트리트,차가운 빙하의 협곡,145,763,786,599718,1.6,6,1,0,0
931050431,히든스트리트,반짝이는 시간의 신전,150,1941,330,640530,1.5,13,1,0,0
931050432,히든스트리트,얼어붙은 시간의 신전,159,1537,330,507210,1.5,10,1,0,0
931050433,히든스트리트,타오르는 시간의 신전,168,1307,501,654807,1.4,8,1,0,0
931050434,히든스트리트,연구소 쓰지않는 창고,95,1372,566,776552,2.0,12,1,0,0
931050435,히든스트리트,연구소 폐쇄된 실험실,97,1134,552,625968,2.0,10,1,0,0
931050436,히든스트리트,선산의 불길한 안개,130,1206,865,1043190,1.4,7,1,0,0
931050510,크로스헌터 아지트,테스트룸,90,1363,330,449790,1.0,6,1,0,0
931050700,에델슈타인,발전소 로비,0,1580,330,521400,1.0,7,7,0,0
931050720,히든스트리트,실험실 내부,0,2300,510,1173000,1.5,16,10,0,0
931060051,방치된 연구소,격납고,74,1959,363,711117,1.0,9,7,22920,22920
931060052,방치된 연구소,복도,74,2757,547,1508079,1.0,12,12,39291,39291
932000100,얼음 벌판,얼음 벌판 뒷길,54,4100,990,4059000,2.999999,40,40,51771,51771
932000200,얼음 벌판,얼음 벌판,54,5180,1322,6847960,2.999999,40,40,51771,51771
933001000,월묘의 떡,달맞이꽃 언덕,8,1760,1335,2349600,1.0,12,21,1482,2579
933011000,첫 번째 동행,첫 번째 동행 <1관문>,23,2030,1049,2129470,1.2,11,15,3017,4114
933014000,첫 번째 동행,첫 번째 동행 <4관문>,25,2423,796,1928708,0.6000001,6,9,1851,2777
933023000,독 안개의 숲,숲 초입,43,3110,690,2145900,10.0,40,50,0,0
933024000,독 안개의 숲,변질된 숲,43,2930,550,1611500,1.0,13,2,1457,1457
933034000,여신의 탑,<산책로>,54,3010,1359,4090590,5.999997,40,30,0,0
933036000,여신의 탑,<중앙탑>,52,690,2933,2023770,0.6999999,10,4,0,0
933037000,여신의 탑,<정원>,53,1480,1588,2350240,1.0,13,9,0,0
933041000,아리안트 투기대회,투기장,50,1760,1225,2156000,3.499999,37,40,31714,34593
940200220,깊은 숲,길 잃은 나무의 정령 구출 1,233,3650,744,2715600,2.0,34,20,0,0
940200230,깊은 숲,길 잃은 나무의 정령 구출 2,234,3650,744,2715600,1.5,25,20,0,0
940200240,깊은 숲,길 잃은 나무의 정령 구출 3,233,3650,744,2715600,1.5,25,20,0,0
940200255,아르카나,실로폰 연못,1,771,330,254430,1.0,3,1,0,0
940200280,아르카나,정령의 나무가 있는 곳,240,2570,330,848100,1.0,12,1,0,0
940200300,동굴,깊은 동굴 1,237,4190,993,4160670,2.0,39,20,0,0
940200310,동굴,깊은 동굴 2,238,3380,1005,3396900,2.0,31,20,0,0
940200320,동굴,깊은 동굴 3,239,3742,993,3715806,1.9,33,20,0,0
940200420,아르카나,정령의 나무가 있는 곳,240,3290,669,2201010,1.0,15,1,0,0
940200600,새비지 터미널,뒷골목,10,2209,375,828375,2.0,20,13,0,0
940200700,암시장,암시장 으슥한 곳 1,20,2960,853,2524880,1.8,24,15,0,0
940200800,암시장,암시장 으슥한 곳 2,20,2960,1010,2989600,1.8,24,18,0,0
940200900,암시장,암시장 으슥한 곳 3,20,2960,874,2587040,1.8,24,18,0,0
940201000,파이트 클럽,파이트 클럽,30,2934,988,2898792,2.0,27,18,0,0
940201100,파이트 클럽,파이트 클럽,32,2934,988,2898792,2.0,27,15,0,0
940201300,파이트 클럽,숨겨진 사육장,32,2339,956,2236084,2.799999,30,31,0,0
940201400,암시장,인적이 드문 암시장,37,2210,791,1748110,2.6,26,24,0,0
940201500,폐건물,Mr.해저드의 구역1,35,2934,854,2505636,1.8,24,17,0,0
940201600,폐건물,Mr.해저드의 구역 2,37,2934,988,2898792,2.0,27,22,0,0
940201700,폐건물,Mr.해저드의 구역 3,40,2934,988,2898792,1.8,24,21,0,0
940201900,판테온 동쪽 지역,판테온 동쪽 어딘가,42,1940,680,1319200,2.6,23,19,0,0
940202016,새비지 터미널,가시도치 서식지,2,2210,559,1235390,1.0,10,8,685,685
940202017,새비지 터미널,가시도치 서식지,2,2210,559,1235390,1.0,10,8,685,685
940202018,새비지 터미널,가시도치 서식지,2,2210,559,1235390,1.0,10,8,685,685
940202100,크리스탈 아카데미아,아카데미아 복도1,32,1460,1714,2502440,1.4,20,20,0,0
940202200,크리스탈 아카데미아,아카데미아 복도2,32,1460,1924,2809040,1.1,18,18,0,0
940202300,크리스탈 아카데미아,아카데미아 복도3,32,1460,1714,2502440,2.2,31,31,0,0
940202400,크리스탈 아카데미아,아카데미아 로비,28,1460,330,481800,1.0,6,10,2802,4671
940202500,아쉴롬,마을 뒷길1,28,2480,1050,2604000,1.7,19,19,0,0
940202600,아쉴롬,마을 뒷길2,28,2480,1050,2604000,1.9,22,22,0,0
940202700,아쉴롬,마을 뒷길3,28,2484,1050,2608200,2.5,29,29,0,0
940202800,퀸스로드,에레브 뒷길1,75,3560,810,2883600,1.0,16,25,0,0
940202900,퀸스로드,에레브 뒷길2,75,3830,1123,4301090,2.0,40,27,0,0
940203000,새비지 터미널,가시도치 서식지,2,2210,559,1235390,1.0,10,8,685,685
940203250,새비지 터미널,럭셔리관광 사무실,175,2014,365,735110,1.0,9,11,0,0
940203260,암시장,위험한 암시장 골목,175,2210,330,729300,2.799999,29,8,0,0
940203270,파이트 클럽,파이트 클럽,181,2934,988,2898792,2.5,34,10,0,0
940203280,새비지 터미널,무법자들의 마을,183,7418,1026,7610868,1.5,40,23,0,0
940203290,새비지 터미널,무법자들의 마을,183,7418,1026,7610868,1.5,40,26,0,0
940203300,새비지 터미널,무법자들의 마을,183,7418,1026,7610868,1.5,40,26,0,0
940204040,모라스,그날의 트뤼에페,242,4163,1122,4670886,2.0,40,28,0,0
940204050,모라스,그날의 트뤼에페,243,4257,1654,7041078,1.0,40,17,0,0
940204060,모라스,그날의 트뤼에페,244,4253,1416,6022248,1.0,32,18,0,0
940204070,모라스,기울어진 탑,242,2249,583,1311167,1.0,10,6,0,0
940204160,여우고개,뭉우리 계곡,190,2660,980,2606800,2.0,24,21,0,0
940204180,뾰족귀 여우마을,여우나무 중턱1,196,1760,2520,4435200,1.5,50,50,0,0
940204200,뾰족귀 여우마을,여우나무 중턱2,196,1760,2955,5200800,1.0,60,60,0,0
940204220,뾰족귀 여우마을,여우나무 중턱3,197,1760,2575,4532000,1.0,50,50,0,0
940204260,구름 너머,수호령의 산책로,198,3161,1123,3549803,2.5,40,30,0,0
940204280,구름 너머,수호령의 산책로2,198,3161,1253,3960733,2.1,40,40,0,0
940204307,모라스,트뤼에페 외곽지역,243,6965,1122,7814730,0.8999997,32,46,0,0
940204309,모라스,무너지는 트뤼에페,245,6031,1122,6766782,1.4,40,60,0,0
940204310,모라스,그날의 트뤼에페1,242,4163,1122,4670886,2.0,40,28,0,0
940204330,모라스,그날의 트뤼에페2,244,4305,1416,6095880,1.0,32,18,0,0
940204350,모라스,폐쇄구역,239,3799,937,3559663,1.8,32,28,0,0
940204370,모라스,트뤼에페 외곽지역1,242,4163,1122,4670886,2.0,40,28,0,0
940204390,모라스,트뤼에페 외곽지역2,244,4305,1416,6095880,1.0,32,18,0,0
940204410,모라스,무너지는 트뤼에페,245,4163,1122,4670886,2.0,40,24,0,0
940204430,모라스,무너지는 트뤼에페1,245,4163,1122,4670886,2.0,40,24,0,0
940204450,모라스,무너지는 트뤼에페2,245,4305,1416,6095880,1.0,32,18,0,0
940204470,모라스,무너지는 트뤼에페3,245,4257,1654,7041078,1.0,40,22,0,0
940204490,모라스,해방된 폐쇄구역1,241,4161,938,3903018,1.8,35,33,0,0
940204510,모라스,해방된 폐쇄구역2,241,5549,1002,5560098,1.4,36,40,0,0
940204530,모라스,해방된 폐쇄구역3,241,3799,937,3559663,1.8,32,41,0,0
940204580,모라스,트뤼에페 외곽지역,243,6965,1122,7814730,0.8999997,32,46,0,0
940205000,피난처 주변,카라반 피난처,11,2361,717,1692837,2.0,22,16,0,0
940205100,폐기지 잔해,폐기지 동쪽 1,27,2555,639,1632645,2.0,23,19,0,0
940205200,폐기지 잔해,폐기지 동쪽 2,28,2555,640,1635200,2.0,23,17,0,0
940205300,폐기지 잔해,폐기지 동쪽 3,30,2555,623,1591765,2.0,23,17,0,0
940205400,폐기지 잔해,폐기지 서쪽 1,30,2555,623,1591765,2.0,23,20,0,0
940205500,폐기지 잔해,폐기지 서쪽 2,31,2555,640,1635200,2.0,23,21,0,0
940205600,폐기지 잔해,폐기지 서쪽 3,32,2555,639,1632645,2.0,23,20,0,0
940205700,암시장,암시장,20,2960,853,2524880,2.0,27,15,0,0
940205900,폐기지 잔해,기지의 잔해,40,1400,330,462000,1.0,6,2,0,0
940301000,고통의 미궁,고통의 미궁 내부,3,1940,1170,2269800,4.399998,40,35,1800,1800
940301100,고통의 미궁,고통의 미궁 내부,3,1940,1170,2269800,4.399998,40,35,1800,1800
940301200,고통의 미궁,고통의 미궁 내부,3,1940,1170,2269800,4.399998,40,35,1800,1800
940301300,고통의 미궁,고통의 미궁 내부,3,1940,1170,2269800,4.399998,40,35,1800,1800
940301400,고통의 미궁,고통의 미궁 내부,3,1940,1170,2269800,4.399998,40,35,1800,1800
940301500,고통의 미궁,고통의 미궁 내부,3,1940,1170,2269800,4.399998,40,35,1800,1800
940301600,고통의 미궁,고통의 미궁 내부,3,1950,1170,2281500,4.399998,40,35,1800,1800
940301700,고통의 미궁,고통의 미궁 내부,3,1940,1170,2269800,4.399998,40,35,1800,1800
940301800,고통의 미궁,고통의 미궁 내부,3,1940,1230,2386200,4.399998,40,35,1800,1800
940301900,고통의 미궁,고통의 미궁 내부,3,1940,1170,2269800,4.399998,40,35,1800,1800
940302000,고통의 미궁,고통의 미궁 내부,3,1940,1170,2269800,4.399998,40,35,1800,1800
940302100,고통의 미궁,고통의 미궁 내부,3,1940,1170,2269800,4.399998,40,35,1800,1800
940302200,고통의 미궁,고통의 미궁 내부,3,1940,1170,2269800,4.399998,40,35,1800,1800
940302300,고통의 미궁,고통의 미궁 내부,3,1940,1170,2269800,4.399998,40,35,1800,1800
940302400,고통의 미궁,고통의 미궁 내부,3,1940,1230,2386200,4.399998,40,35,1800,1800
940302500,고통의 미궁,고통의 미궁 내부,3,1940,1170,2269800,4.399998,40,35,1800,1800
940302600,고통의 미궁,고통의 미궁 내부,3,1940,1170,2269800,4.399998,40,35,1800,1800
940302700,고통의 미궁,고통의 미궁 내부,3,1940,1170,2269800,4.399998,40,35,1800,1800
940302800,고통의 미궁,고통의 미궁 내부,3,1940,1271,2465740,4.399998,40,35,1800,1800
940302900,고통의 미궁,고통의 미궁 내부,3,1940,1170,2269800,4.399998,40,35,1800,1800
940303000,고통의 미궁,고통의 미궁 내부,3,1950,1170,2281500,4.399998,40,35,1800,1800
940303100,고통의 미궁,고통의 미궁 내부,3,1940,1230,2386200,4.399998,40,35,1800,1800
940303200,고통의 미궁,고통의 미궁 내부,3,1940,1271,2465740,4.399998,40,35,1800,1800
940303300,고통의 미궁,고통의 미궁 내부,3,1940,1271,2465740,4.399998,40,35,1800,1800
940303400,고통의 미궁,고통의 미궁 내부,3,1940,1230,2386200,4.399998,40,35,1800,1800
940303500,고통의 미궁,고통의 미궁 내부,3,1940,1170,2269800,4.399998,40,26,1491,1491
940303600,고통의 미궁,고통의 미궁 내부,259,1940,1170,2269800,4.399998,40,1,0,0
940303700,고통의 미궁,고통의 미궁 내부,3,1950,1170,2281500,1.0,10,20,557,1114
940401000,고통의 미궁,고통의 미궁 중심부,3,1940,1321,2562740,6.699996,40,37,1800,1800
940401100,고통의 미궁,고통의 미궁 중심부,3,1940,1321,2562740,3.199999,40,37,1800,1800
940401200,고통의 미궁,고통의 미궁 중심부,3,1940,1321,2562740,6.699996,40,37,1800,1800
940401300,고통의 미궁,고통의 미궁 중심부,3,1940,1321,2562740,3.199999,40,37,1800,1800
940401400,고통의 미궁,고통의 미궁 중심부,3,1940,1290,2502600,3.199999,40,37,1800,1800
940401500,고통의 미궁,고통의 미궁 중심부,3,1940,1321,2562740,3.199999,40,37,1800,1800
940401600,고통의 미궁,고통의 미궁 중심부,3,1940,1321,2562740,3.199999,40,37,1800,1800
940401700,고통의 미궁,고통의 미궁 중심부,3,1940,1321,2562740,6.699996,40,37,1800,1800
940401800,고통의 미궁,고통의 미궁 중심부,3,1940,1321,2562740,3.199999,40,37,1800,1800
940401900,고통의 미궁,고통의 미궁 중심부,3,1940,1321,2562740,3.199999,40,37,1800,1800
940402000,고통의 미궁,고통의 미궁 중심부,3,1940,1290,2502600,3.199999,40,37,1800,1800
940402100,고통의 미궁,고통의 미궁 중심부,3,1940,1290,2502600,3.199999,40,37,1800,1800
940402200,고통의 미궁,고통의 미궁 중심부,3,1940,1321,2562740,3.199999,40,37,1800,1800
940402300,고통의 미궁,고통의 미궁 중심부,3,1940,1321,2562740,3.199999,40,37,1800,1800
940402400,고통의 미궁,고통의 미궁 중심부,3,1940,1321,2562740,3.199999,40,37,1800,1800
940402500,고통의 미궁,고통의 미궁 중심부,3,1940,1321,2562740,3.199999,40,37,1800,1800
940402600,고통의 미궁,고통의 미궁 중심부,3,1940,1290,2502600,3.199999,40,37,1800,1800
940402700,고통의 미궁,고통의 미궁 중심부,3,1940,1321,2562740,3.199999,40,37,1800,1800
940402800,고통의 미궁,고통의 미궁 중심부,3,1940,1321,2562740,3.199999,40,37,1800,1800
940402900,고통의 미궁,고통의 미궁 중심부,3,1940,1321,2562740,3.199999,40,37,1800,1800
940403000,고통의 미궁,고통의 미궁 중심부,3,1940,1321,2562740,6.699996,40,37,1800,1800
940403100,고통의 미궁,고통의 미궁 중심부,3,1940,1321,2562740,3.199999,40,37,1800,1800
940403200,고통의 미궁,고통의 미궁 중심부,3,1940,1321,2562740,6.699996,40,37,1800,1800
940403300,고통의 미궁,고통의 미궁 중심부,3,1940,1321,2562740,3.199999,40,37,1800,1800
940403400,고통의 미궁,고통의 미궁 중심부,3,1940,1321,2562740,3.199999,40,37,1800,1800
940403500,고통의 미궁,고통의 미궁 중심부,3,1940,1321,2562740,3.199999,40,37,1800,1800
940403600,고통의 미궁,고통의 미궁 중심부,3,1940,1321,2562740,6.699996,40,37,1800,1800
940403700,고통의 미궁,고통의 미궁 중심부,3,1940,1321,2562740,3.199999,40,37,1800,1800
940403800,고통의 미궁,고통의 미궁 중심부,3,1940,1321,2562740,3.199999,40,37,1800,1800
940403900,고통의 미궁,고통의 미궁 중심부,3,1940,1321,2562740,3.199999,40,37,1800,1800
940404000,고통의 미궁,고통의 미궁 중심부,3,1940,1321,2562740,3.199999,40,37,1800,1800
940404100,고통의 미궁,고통의 미궁 중심부,3,1940,1321,2562740,3.199999,40,37,1800,1800
940404200,고통의 미궁,고통의 미궁 중심부,3,1940,1321,2562740,3.199999,40,37,1800,1800
940404300,고통의 미궁,고통의 미궁 중심부,3,1940,1321,2562740,3.199999,40,37,1800,1800
940404400,고통의 미궁,고통의 미궁 중심부,3,1940,1321,2562740,3.199999,40,37,1800,1800
940404500,고통의 미궁,고통의 미궁 중심부,3,1940,1321,2562740,3.199999,40,37,1800,1800
940404600,고통의 미궁,고통의 미궁 중심부,3,1950,1321,2575950,6.699996,40,37,1800,1800
940404700,고통의 미궁,고통의 미궁 중심부,4,1940,1321,2562740,2.0,26,27,1617,1680
940404800,고통의 미궁,고통의 미궁 중심부,259,1953,1321,2579913,6.699996,40,1,0,0
940404900,고통의 미궁,고통의 미궁 중심부,10,1940,1321,2562740,3.199999,40,5,728,728
940501000,고통의 미궁,고통의 미궁 최심부 <동편>,3,1940,1371,2659740,2.999999,40,37,1800,1800
940501100,고통의 미궁,고통의 미궁 최심부 <동편>,3,1940,1371,2659740,2.999999,40,37,1800,1800
940501200,고통의 미궁,고통의 미궁 최심부 <동편>,3,1940,1371,2659740,2.999999,40,37,1800,1800
940501300,고통의 미궁,고통의 미궁 최심부 <동편>,3,1940,1371,2659740,2.999999,40,37,1800,1800
940501400,고통의 미궁,고통의 미궁 최심부 <동편>,3,1940,1371,2659740,2.999999,40,37,1800,1800
940501500,고통의 미궁,고통의 미궁 최심부 <동편>,3,1940,1371,2659740,2.999999,40,37,1800,1800
940501600,고통의 미궁,고통의 미궁 최심부 <동편>,3,1940,1371,2659740,2.999999,40,37,1800,1800
940501700,고통의 미궁,고통의 미궁 최심부 <동편>,3,1940,1290,2502600,2.999999,38,37,1800,1800
940501800,고통의 미궁,고통의 미궁 최심부 <동편>,3,1940,1350,2619000,2.999999,40,37,1800,1800
940501900,고통의 미궁,고통의 미궁 최심부 <동편>,3,1940,1350,2619000,2.999999,40,37,1800,1800
940502000,고통의 미궁,고통의 미궁 최심부 <동편>,3,1940,1371,2659740,2.999999,40,37,1800,1800
940502100,고통의 미궁,고통의 미궁 최심부 <동편>,3,1940,1371,2659740,2.999999,40,37,1800,1800
940502200,고통의 미궁,고통의 미궁 최심부 <동편>,3,1940,1290,2502600,3.099999,39,37,1800,1800
940502300,고통의 미궁,고통의 미궁 최심부 <동편>,3,1940,1321,2562740,3.099999,40,37,1800,1800
940502400,고통의 미궁,고통의 미궁 최심부 <동편>,3,1940,1371,2659740,2.999999,40,37,1800,1800
940502500,고통의 미궁,고통의 미궁 최심부 <동편>,3,1940,1321,2562740,2.999999,39,37,1800,1800
940502600,고통의 미궁,고통의 미궁 최심부 <동편>,3,1940,1321,2562740,3.099999,40,37,1800,1800
940502700,고통의 미궁,고통의 미궁 최심부 <동편>,3,1940,1321,2562740,2.999999,39,37,1800,1800
940502800,고통의 미궁,고통의 미궁 최심부 <동편>,3,1940,1371,2659740,3.099999,40,37,1800,1800
940502900,고통의 미궁,고통의 미궁 최심부 <동편>,3,1940,1321,2562740,2.999999,39,36,1800,1800
940503000,고통의 미궁,고통의 미궁 최심부 <동편>,3,1940,1321,2562740,1.0,13,36,649,1800
940503100,고통의 미궁,고통의 미궁 최심부 <동편>,3,1950,1371,2673450,2.999999,40,37,1800,1800
940503200,고통의 미궁,고통의 미궁 최심부 <동편>,3,1940,1371,2659740,2.999999,40,37,1800,1800
940503300,고통의 미궁,고통의 미궁 최심부 <동편>,3,1940,1350,2619000,2.999999,40,37,1800,1800
940503400,고통의 미궁,고통의 미궁 최심부 <동편>,3,1940,1290,2502600,2.999999,38,37,1800,1800
940503500,고통의 미궁,고통의 미궁 최심부 <동편>,3,1940,1371,2659740,2.999999,40,37,1800,1800
940503600,고통의 미궁,고통의 미궁 최심부 <동편>,3,1940,1350,2619000,2.999999,40,37,1800,1800
940503700,고통의 미궁,고통의 미궁 최심부 <동편>,3,1940,1371,2659740,2.999999,40,37,1800,1800
940503800,고통의 미궁,고통의 미궁 최심부 <동편>,3,1940,1371,2659740,2.999999,40,37,1800,1800
940503900,고통의 미궁,고통의 미궁 최심부 <동편>,3,1940,1371,2659740,2.999999,40,37,1800,1800
940504000,고통의 미궁,고통의 미궁 최심부 <동편>,3,1940,1290,2502600,2.999999,38,37,1800,1800
940504100,고통의 미궁,고통의 미궁 최심부 <동편>,3,1940,1290,2502600,2.999999,38,37,1800,1800
940504200,고통의 미궁,고통의 미궁 최심부 <동편>,3,1940,1371,2659740,2.999999,40,37,1800,1800
940504300,고통의 미궁,고통의 미궁 최심부 <동편>,3,1940,1170,2269800,2.999999,32,36,1599,1800
940504400,고통의 미궁,고통의 미궁 최심부 <동편>,3,1940,1321,2562740,1.0,13,36,649,1800
940504500,고통의 미궁,고통의 미궁 최심부 <동편>,3,1940,1321,2562740,2.999999,39,36,1800,1800
940504600,고통의 미궁,고통의 미궁 최심부 <동편>,3,1960,1371,2687160,2.999999,40,36,1800,1800
940504800,고통의 미궁,고통의 미궁 최심부 <동편>,3,1940,1321,2562740,1.8,23,23,1371,1371
940504900,고통의 미궁,고통의 미궁 최심부 <동편>,259,1950,1371,2673450,2.999999,40,1,0,0
940505000,고통의 미궁,고통의 미궁 최심부 <동편>,10,1940,1371,2659740,2.999999,40,5,728,728
940505100,고통의 미궁,고통의 미궁 최심부 <동편>,259,1940,1371,2659740,2.999999,40,1,0,0
940505200,고통의 미궁,고통의 미궁 최심부 <동편>,259,1940,1371,2659740,2.999999,40,1,0,0
940511000,고통의 미궁,고통의 미궁 최심부 <서편>,3,1940,1371,2659740,2.999999,40,37,1800,1800
940511100,고통의 미궁,고통의 미궁 최심부 <서편>,3,1940,1371,2659740,2.999999,40,37,1800,1800
940511200,고통의 미궁,고통의 미궁 최심부 <서편>,3,1940,1371,2659740,2.999999,40,37,1800,1800
940511300,고통의 미궁,고통의 미궁 최심부 <서편>,3,1940,1371,2659740,2.999999,40,37,1800,1800
940511400,고통의 미궁,고통의 미궁 최심부 <서편>,3,1940,1371,2659740,2.999999,40,37,1800,1800
940511500,고통의 미궁,고통의 미궁 최심부 <서편>,3,1940,1371,2659740,2.999999,40,37,1800,1800
940511600,고통의 미궁,고통의 미궁 최심부 <서편>,3,1940,1371,2659740,2.999999,40,37,1800,1800
940511700,고통의 미궁,고통의 미궁 최심부 <서편>,3,1940,1290,2502600,2.999999,38,37,1800,1800
940511800,고통의 미궁,고통의 미궁 최심부 <서편>,3,1940,1350,2619000,2.999999,40,37,1800,1800
940511900,고통의 미궁,고통의 미궁 최심부 <서편>,3,1940,1350,2619000,2.999999,40,37,1800,1800
940512000,고통의 미궁,고통의 미궁 최심부 <서편>,3,1940,1371,2659740,2.999999,40,37,1800,1800
940512100,고통의 미궁,고통의 미궁 최심부 <서편>,3,1940,1371,2659740,2.999999,40,37,1800,1800
940512200,고통의 미궁,고통의 미궁 최심부 <서편>,3,1940,1290,2502600,3.099999,39,37,1800,1800
940512300,고통의 미궁,고통의 미궁 최심부 <서편>,3,1940,1321,2562740,3.099999,40,37,1800,1800
940512400,고통의 미궁,고통의 미궁 최심부 <서편>,3,1940,1371,2659740,2.999999,40,37,1800,1800
940512500,고통의 미궁,고통의 미궁 최심부 <서편>,3,1940,1321,2562740,2.999999,39,37,1800,1800
940512600,고통의 미궁,고통의 미궁 최심부 <서편>,3,1940,1321,2562740,3.099999,40,37,1800,1800
940512700,고통의 미궁,고통의 미궁 최심부 <서편>,3,1940,1321,2562740,2.999999,39,37,1800,1800
940512800,고통의 미궁,고통의 미궁 최심부 <서편>,3,1940,1371,2659740,3.099999,40,37,1800,1800
940512900,고통의 미궁,고통의 미궁 최심부 <서편>,3,1940,1321,2562740,2.999999,39,36,1800,1800
940513000,고통의 미궁,고통의 미궁 최심부 <서편>,3,1940,1321,2562740,1.0,13,36,649,1800
940513100,고통의 미궁,고통의 미궁 최심부 <서편>,3,1950,1371,2673450,2.999999,40,37,1800,1800
940513200,고통의 미궁,고통의 미궁 최심부 <서편>,3,1940,1371,2659740,2.999999,40,37,1800,1800
940513300,고통의 미궁,고통의 미궁 최심부 <서편>,3,1940,1350,2619000,2.999999,40,37,1800,1800
940513400,고통의 미궁,고통의 미궁 최심부 <서편>,3,1940,1290,2502600,2.999999,38,37,1800,1800
940513500,고통의 미궁,고통의 미궁 최심부 <서편>,3,1940,1371,2659740,2.999999,40,37,1800,1800
940513600,고통의 미궁,고통의 미궁 최심부 <서편>,3,1940,1350,2619000,2.999999,40,37,1800,1800
940513700,고통의 미궁,고통의 미궁 최심부 <서편>,3,1940,1371,2659740,2.999999,40,37,1800,1800
940513800,고통의 미궁,고통의 미궁 최심부 <서편>,3,1940,1371,2659740,2.999999,40,37,1800,1800
940513900,고통의 미궁,고통의 미궁 최심부 <서편>,3,1940,1371,2659740,2.999999,40,37,1800,1800
940514000,고통의 미궁,고통의 미궁 최심부 <서편>,3,1940,1290,2502600,2.999999,38,37,1800,1800
940514100,고통의 미궁,고통의 미궁 최심부 <서편>,3,1940,1290,2502600,2.999999,38,37,1800,1800
940514200,고통의 미궁,고통의 미궁 최심부 <서편>,3,1940,1371,2659740,2.999999,40,37,1800,1800
940514300,고통의 미궁,고통의 미궁 최심부 <서편>,3,1940,1170,2269800,2.999999,32,36,1599,1800
940514400,고통의 미궁,고통의 미궁 최심부 <서편>,3,1940,1321,2562740,1.0,13,36,649,1800
940514500,고통의 미궁,고통의 미궁 최심부 <서편>,3,1940,1321,2562740,2.999999,39,36,1800,1800
940514600,고통의 미궁,고통의 미궁 최심부 <서편>,3,1960,1371,2687160,2.999999,40,36,1800,1800
940514800,고통의 미궁,고통의 미궁 최심부 <서편>,3,1940,1321,2562740,1.8,23,23,1371,1371
940514900,고통의 미궁,고통의 미궁 최심부 <서편>,259,1950,1371,2673450,2.999999,40,1,0,0
940515000,고통의 미궁,고통의 미궁 최심부 <서편>,10,1940,1371,2659740,2.999999,40,5,728,728
940515100,고통의 미궁,고통의 미궁 최심부 <서편>,259,1940,1371,2659740,2.999999,40,1,0,0
940515200,고통의 미궁,고통의 미궁 최심부 <서편>,259,1940,1371,2659740,2.999999,40,1,0,0
950200100,프리미엄로드,몬스터 아레나 전장,40,1933,690,1333770,2.5,22,14,11520,11520
953020000,자동 경비 구역,1단계 : 자동 경비 구역1,105,1566,437,684342,2.999999,22,17,0,0
953020100,자동 경비 구역,2단계 : 자동 경비 구역2,107,1967,422,830074,2.999999,27,16,0,0
953020200,자동 경비 구역,3단계 : 자동 경비 구역3,106,1567,685,1073395,2.999999,22,17,0,0
953020300,자동 경비 구역,4단계 : 자동 경비 구역4,108,1966,515,1012490,2.999999,27,17,0,0
953020400,자동 경비 구역,5단계 : 자동 경비 구역5,111,1567,449,703583,2.999999,22,11,0,0
953020500,자동 경비 구역,6단계 : 비밀 연구실,110,1565,753,1178445,2.999999,22,15,0,0
953030000,이끼나무 숲,1단계 : 이끼나무숲 1,115,2930,750,2197500,2.999999,40,16,0,0
953030100,이끼나무 숲,2단계 : 이끼나무숲 2,117,1850,870,1609500,2.999999,26,16,0,0
953030200,이끼나무 숲,3단계 : 이끼나무숲 3,119,1940,1157,2244580,2.999999,32,16,0,0
953030300,이끼나무 숲,4단계 : 이끼나무숲 4,121,1670,990,1653300,2.999999,23,16,0,0
953030400,이끼나무 숲,5단계 : 이끼나무숲5,123,1850,990,1831500,2.999999,26,16,0,0
953030500,이끼나무 숲,6단계 : 이끼나무숲 깊은 곳,123,2660,810,2154600,2.999999,37,15,0,0
953040000,하늘 숲 수련장,1단계 : 하늘 숲 수련장1,120,1760,1026,1805760,2.999999,24,17,0,0
953040100,하늘 숲 수련장,2단계 : 하늘 숲 수련장2,123,2030,1275,2588250,2.999999,39,16,0,0
953040200,하늘 숲 수련장,3단계 : 하늘 숲 수련장3,124,2030,930,1887900,2.999999,28,15,0,0
953040300,하늘 숲 수련장,4단계 : 하늘 숲 깊은 곳,123,1670,1110,1853700,2.999999,25,17,0,0
953040400,하늘 숲 수련장,5단계 : 안개 낀 하늘 숲,127,1670,1200,2004000,2.999999,29,17,0,0
953040500,하늘 숲 수련장,6단계 : 짙은 안개 숲,127,1760,810,1425600,2.999999,24,17,0,0
953050000,금지된 시간,1단계 : 금지된 시간1,145,1701,870,1479870,2.999999,23,16,0,0
953050100,금지된 시간,2단계 : 금지된 시간2,147,1332,1401,1866132,2.999999,29,15,0,0
953050200,금지된 시간,3단계 : 금지된 시간3,149,1636,1333,2180788,2.999999,33,16,0,0
953050300,금지된 시간,4단계 : 금지된 시간4,151,1703,1080,1839240,2.999999,25,16,0,0
953050400,금지된 시간,5단계 : 금지된 시간5,153,3792,330,1251360,2.999999,40,14,0,0
953050500,금지된 시간,6단계 : 금지된 시간6,152,2955,460,1359300,2.999999,40,15,0,0
953060000,해적단의 비밀 기지,1단계 : 해적단의 비밀 기지1,125,1545,1371,2118195,1.8,20,17,0,0
953060100,해적단의 비밀 기지,2단계 : 해적단의 비밀 기지2,126,2180,761,1658980,1.8,18,17,0,0
953060200,해적단의 비밀 기지,3단계 : 해적단의 비밀 기지3,128,1334,1304,1739536,2.5,22,17,0,0
953060300,해적단의 비밀 기지,4단계 : 해적단의 비밀 기지4,130,1979,1074,2125446,1.8,17,12,0,0
953060400,해적단의 비밀 기지,5단계 : 해적단의 비밀 기지5,132,2367,1092,2584764,2.0,23,17,0,0
953060500,해적단의 비밀 기지,6단계 : 해적단의 비밀 기지6,132,2506,1140,2856840,1.7,22,13,0,0
953070000,이계의 전장,1단계 : 이계의 전장1,135,3290,647,2128630,2.0,30,17,0,0
953070100,이계의 전장,2단계 : 이계의 전장2,136,2480,1045,2591600,2.0,23,17,0,0
953070200,이계의 전장,3단계 : 이계의 전장3,139,2660,635,1689100,1.7,21,17,0,0
953070300,이계의 전장,4단계 : 이계의 전장4,139,1610,1144,1841840,2.1,18,13,0,0
953070400,이계의 전장,5단계 : 이계의 전장5,141,1510,1240,1872400,2.0,18,17,0,0
953070500,이계의 전장,6단계 : 이계의 전장6,142,1511,1828,2762108,2.2,35,17,0,0
953080000,외딴 숲 위험 지역,1단계 : 외딴 숲 위험 지역1,140,1850,1387,2565950,1.3,17,17,0,0
953080100,외딴 숲 위험 지역,2단계 : 외딴 숲 위험 지역2,141,2120,1645,3487400,1.3,25,17,0,0
953080200,외딴 숲 위험 지역,3단계 : 외딴 숲 위험 지역3,141,2030,1465,2973950,1.4,22,13,0,0
953080300,외딴 숲 위험 지역,4단계 : 외딴 숲 위험 지역4,144,2300,1385,3185500,1.4,23,17,0,0
953080400,외딴 숲 위험 지역,5단계 : 외딴 숲 위험 지역5,145,1490,1405,2093450,1.8,20,13,0,0
953080500,외딴 숲 위험 지역,6단계 : 외딴 숲 위험 지역6,148,1670,1545,2580150,1.1,15,14,0,0
953090000,숨겨진 유적,1단계 : 숨겨진 유적1,150,2030,865,1755950,2.2,20,17,0,0
953090100,숨겨진 유적,2단계 : 숨겨진 유적2,150,2570,625,1606250,1.5,18,17,0,0
953090200,숨겨진 유적,3단계 : 숨겨진 유적3,152,1400,945,1323000,3.299999,21,17,0,0
953090300,숨겨진 유적,4단계 : 숨겨진 유적4,154,2211,745,1647195,2.0,20,13,0,0
953090400,숨겨진 유적,5단계 : 숨겨진 유적5,156,1400,1045,1463000,3.199999,20,17,0,0
953090500,숨겨진 유적,6단계 : 숨겨진 유적6,156,1580,1278,2019240,1.9,19,13,0,0
954000000,폐허가 된 도시,1단계 : 폐허가 된 도시 1,160,1940,857,1662580,2.999999,27,16,0,0
954000100,폐허가 된 도시,2단계 : 폐허가 된 도시 2,162,2121,807,1711647,2.999999,29,14,0,0
954000200,폐허가 된 도시,3단계 : 천공전함 뱃머리 3,162,1584,1103,1747152,2.999999,24,14,0,0
954000300,폐허가 된 도시,4단계 : 천공전함 A구역,164,1505,1019,1533595,2.999999,21,16,0,0
954000400,폐허가 된 도시,5단계 : 천공전함 B구역,166,1504,1019,1532576,2.999999,21,16,0,0
954000500,폐허가 된 도시,6단계 : 천공전함 C구역,166,1621,836,1355156,2.999999,22,15,0,0
954010000,죽은 나무의 숲,1단계 : 죽은 나무의 숲1,171,1040,1799,1870960,2.999999,32,16,0,0
954010100,죽은 나무의 숲,2단계 : 죽은 나무의 숲2,172,4010,690,2766900,2.999999,40,16,0,0
954010200,죽은 나무의 숲,3단계 : 죽은 나무의 숲3,174,2300,805,1851500,2.999999,32,17,0,0
954010300,죽은 나무의 숲,4단계 : 폐광1,176,1310,1290,1689900,2.999999,25,16,0,0
954010400,죽은 나무의 숲,5단계 : 폐광2,177,1490,1177,1753730,2.999999,25,17,0,0
954010500,죽은 나무의 숲,6단계 : 시련의 동굴,178,3800,465,1767000,2.999999,40,17,0,0
954020000,감시의 탑,1단계 : 성 입구,176,2030,810,1644300,2.999999,28,16,0,0
954020100,감시의 탑,2단계 : 성벽 아래,178,2030,810,1644300,2.999999,28,16,0,0
954020200,감시의 탑,3단계 : 낮은 성벽,180,2030,810,1644300,2.999999,28,16,0,0
954020300,감시의 탑,4단계 : 높은 성벽,181,2030,1115,2263450,2.999999,31,16,0,0
954020400,감시의 탑,5단계 : 감시의 탑,182,2480,810,2008800,2.999999,34,16,0,0
954020500,감시의 탑,6단계 : 아니의 탑루,183,2781,566,1574046,2.999999,39,13,0,0
954030000,용의 둥지,1단계 : 용의 숲 입구,181,2930,750,2197500,2.999999,40,16,0,0
954030100,용의 둥지,2단계 : 용의 숲1,182,2480,1165,2889200,2.999999,40,17,0,0
954030200,용의 둥지,3단계 : 용의 숲2,184,1850,1110,2053500,2.999999,28,16,0,0
954030300,용의 둥지,4단계 : 용의 숲3,186,2930,1050,3076500,2.999999,40,16,0,0
954030400,용의 둥지,5단계 : 용의 숲4,188,765,2050,1568250,2.999999,29,16,0,0
954030500,용의 둥지,6단계 : 용의 둥지,186,763,1677,1279551,2.999999,23,18,0,0
954040000,망각의 신전,1단계 : 후회의 길1,186,1740,1039,1807860,2.999999,24,16,0,0
954040100,망각의 신전,2단계 : 후회의 길2,188,1964,1034,2030776,2.999999,27,15,0,0
954040200,망각의 신전,3단계 : 후회의 길3,187,2140,1369,2929660,2.999999,40,14,0,0
954040300,망각의 신전,4단계 : 망각의 길1,189,1965,1039,2041635,2.999999,27,16,0,0
954040400,망각의 신전,5단계 : 망각의 길2,191,2576,622,1602272,2.999999,36,14,0,0
954040500,망각의 신전,6단계 : 망각의 신전,191,2363,1329,3140427,2.999999,40,16,0,0
954050000,기사단 요새,1단계 : 요새 입구,191,2734,560,1531040,2.999999,38,16,0,0
954050100,기사단 요새,2단계 : 기사단의 비밀 구역,193,1490,870,1296300,2.999999,20,16,0,0
954050200,기사단 요새,3단계 : 기사단 연무장,195,2210,473,1045330,2.999999,31,16,0,0
954050300,기사단 요새,4단계 : 기사단 무기고,197,1220,1050,1281000,2.999999,17,16,0,0
954050400,기사단 요새,5단계 : 기사의 전당,194,1400,988,1383200,2.999999,19,19,0,0
954050500,기사단 요새,6단계 : 명예의 전당,193,1490,723,1077270,2.999999,20,14,0,0
954060000,원혼의 협곡,1단계 : 원혼의 협곡 1,201,1669,1345,2244805,1.8,21,17,0,0
954060100,원혼의 협곡,2단계 : 원혼의 협곡 2,201,2929,925,2709325,1.5,20,17,0,0
954060200,원혼의 협곡,3단계 : 원혼의 협곡 3,203,3649,982,3583318,1.3,22,17,0,0
954060300,원혼의 협곡,4단계 : 원혼의 협곡 4,205,1849,1110,2052390,1.8,17,17,0,0
954060400,원혼의 협곡,5단계 : 원혼의 협곡 5,206,2127,1402,2982054,1.4,22,13,0,0
954060500,원혼의 협곡,6단계 : 원혼의 협곡 6,207,1669,1558,2600302,1.5,21,12,0,0
954070000,소멸의 여로,1단계 : 풍화된 기쁨과 분노의 땅,200,2059,1152,2371968,3.799998,40,40,0,0
954070100,소멸의 여로,2단계 : 풍화된 슬픔과 즐거움의 땅,202,2059,1224,2520216,3.199999,39,40,0,0
954070200,소멸의 여로,3단계 : 암석과 화염의 영토,204,2760,1146,3162960,2.699999,40,40,0,0
954070300,소멸의 여로,4단계 : 영혼의 영토,206,2160,940,2030400,2.999999,30,30,0,0
954070400,소멸의 여로,5단계 : 동굴 아래쪽,207,2570,637,1637090,1.7,20,20,0,0
954070500,소멸의 여로,6단계 : 아르마의 은신처,209,2750,637,1751750,2.5,32,31,0,0
954080000,츄츄 아일랜드,1단계 : 알록달록 숲,210,2660,1142,3037720,2.799999,40,40,0,0
954080100,츄츄 아일랜드,2단계 : 길쭉동글 숲,212,2960,1185,3507600,2.899999,40,40,0,0
954080200,츄츄 아일랜드,3단계 : 격류지대,215,5669,962,5453578,1.6,40,40,0,0
954080300,츄츄 아일랜드,4단계 : 폭포 아래,215,5669,959,5436571,1.6,40,40,0,0
954080400,츄츄 아일랜드,5단계 : 고래산 정상,218,3024,1111,3359664,2.799999,40,40,0,0
954080500,츄츄 아일랜드,6단계 : 거대한 꼬리,219,3023,1012,3059276,2.799999,39,31,0,0
954090000,꿈의 도시 레헬른,1단계 : 무법자들의 거리,220,2574,1052,2707848,3.399999,40,40,0,0
954090100,꿈의 도시 레헬른,2단계 : 닭이 뛰노는 곳,221,2817,1207,3400119,3.399999,40,40,0,0
954090200,꿈의 도시 레헬른,3단계 : 우승 접시의 거리,222,2299,1144,2630056,3.399999,40,40,0,0
954090300,꿈의 도시 레헬른,4단계 : 춤추는 구두 점령지,224,4116,803,3305148,3.399999,40,40,0,0
954090400,꿈의 도시 레헬른,5단계 : 악몽의 시계탑 1층,226,1091,2903,3167173,3.399999,40,30,0,0
954090500,꿈의 도시 레헬른,6단계 : 악몽의 시계탑 2층,227,1091,2883,3145353,3.399999,40,40,0,0
954100000,신비의 숲 아르카나,1단계 : 물과 햇살의 숲,231,2466,1315,3242790,3.399999,40,40,0,0
954100100,신비의 숲 아르카나,2단계 : 서리와 번개의 숲,233,4344,764,3318816,3.399999,40,40,0,0
954100200,신비의 숲 아르카나,3단계 : 맹독과 폭발의 숲,235,4176,744,3106944,3.399999,40,40,0,0
954100300,신비의 숲 아르카나,4단계 : 동굴 윗길,237,3719,1002,3726438,3.399999,40,40,0,0
954100400,신비의 숲 아르카나,5단계 : 다섯갈래 동굴 윗길,238,3590,1005,3607950,3.399999,40,40,0,0
954100500,신비의 숲 아르카나,6단계 : 다섯갈래 동굴 아랫길,239,4158,1005,4178790,3.599999,40,40,0,0
954101000,모라스,1단계 : 산호 숲으로 가는 길,236,2570,1695,4356150,2.0,40,30,0,0
954101100,모라스,2단계 : 형님들 구역,238,2762,1130,3121060,2.899999,40,30,0,0
954101200,모라스,3단계 : 그림자가 춤추는 곳,239,3308,947,3132676,2.7,40,30,0,0
954101300,모라스,4단계 : 폐쇄구역,241,4161,938,3903018,2.1,40,30,0,0
954101400,모라스,5단계 : 그날의 트뤼에페,242,3759,1111,4176249,2.4,40,40,0,0
954101500,모라스,6단계 : 그날의 트뤼에페,244,4326,1188,5139288,2.0,40,40,0,0
954102000,에스페라,1단계 : 생명이 시작되는 곳,240,2900,1061,3076900,2.999999,40,30,0,0
954102100,에스페라,2단계 : 생명이 시작되는 곳,242,3480,1075,3741000,2.5,40,30,0,0
954102200,에스페라,3단계 : 거울 빛에 물든 바다,244,2378,1379,3279262,2.5,40,30,0,0
954102300,에스페라,4단계 : 거울 빛에 물든 바다,245,2378,1237,2941586,2.999999,40,30,0,0
954102400,에스페라,5단계 : 거울 빛에 물든 바다,246,2378,1379,3279262,2.999999,40,40,0,0
954102500,에스페라,6단계 : 거울에 비친 빛의 신전,248,3927,1078,4233306,2.799999,40,40,0,0
954103000,셀라스,1단계 : 빛이 마지막으로 닿는 곳,245,2353,987,2322411,3.499999,38,20,0,0
954103100,셀라스,2단계 : 빛이 마지막으로 닿는 곳,246,2560,985,2521600,3.399999,40,30,0,0
954103200,셀라스,3단계 : 끝없이 추락하는 심해,248,2267,1670,3785890,1.8,38,30,0,0
954103300,셀라스,4단계 : 끝없이 추락하는 심해,248,2982,1151,3432282,2.5,40,40,0,0
954103400,셀라스,5단계 : 별이 삼켜진 심해,250,2770,1200,3324000,2.5,40,40,0,0
954103500,셀라스,6단계 : 별이 삼켜진 심해,250,3163,1088,3441344,2.6,40,40,0,0
954104000,문브릿지,1단계 : 사상의 경계,250,2659,827,2198993,2.799999,34,25,0,0
954104100,문브릿지,2단계 : 사상의 경계,251,1761,1260,2218860,2.799999,31,25,0,0
954104200,문브릿지,3단계 : 미지의 안개,252,2210,1248,2758080,2.599999,35,30,0,0
954104300,문브릿지,4단계 : 미지의 안개,252,2210,1207,2667470,3.499999,40,40,0,0
954104400,문브릿지,5단계 : 공허의 파도,254,2660,1171,3114860,2.999999,40,40,0,0
954104500,문브릿지,6단계 : 공허의 파도,254,2660,1171,3114860,3.499999,40,40,0,0
954105000,고통의 미궁,1단계 : 고통의 미궁 내부,255,2030,1045,2121350,2.2,20,20,0,0
954105100,고통의 미궁,2단계 : 고통의 미궁 내부,256,2210,1050,2320500,2.899999,30,30,0,0
954105200,고통의 미궁,3단계 : 고통의 미궁 중심부,257,1940,1230,2386200,2.599999,30,30,0,0
954105300,고통의 미궁,4단계 : 고통의 미궁 중심부,258,2120,1225,2597000,3.099999,39,40,0,0
954105400,고통의 미궁,5단계 : 고통의 미궁 최심부,259,1940,1285,2492900,3.199999,40,40,0,0
954105500,고통의 미궁,6단계 : 고통의 미궁 최심부,259,2480,1405,3484400,2.799999,40,40,0,0
954106000,리멘,1단계 : 세계의 눈물 하단,260,3348,920,3080160,1.6,25,25,0,0
954106100,리멘,2단계 : 세계의 눈물 하단,260,3038,1045,3174710,1.8,25,25,0,0
954106200,리멘,3단계 : 세계의 눈물 중단,261,1822,1644,2995368,1.8,30,30,0,0
954106300,리멘,4단계 : 세계의 눈물 중단,261,1543,1807,2788201,2.5,40,40,0,0
954106400,리멘,5단계 : 세계가 끝나는 곳,263,2210,1303,2879630,2.799999,40,40,0,0
954106500,리멘,6단계 : 세계가 끝나는 곳,263,2653,1101,2920953,2.999999,40,40,0,0
954107000,세르니움,1단계 : 해변 암석 지대,260,2262,926,2094612,2.5,26,25,0,0
954107100,세르니움,2단계 : 세르니움 서쪽 성벽,260,2531,846,2141226,2.6,30,30,0,0
954107200,세르니움,3단계 : 왕립 도서관,261,2840,850,2414000,2.7,35,35,0,0
954107300,세르니움,4단계 : 격전의 서쪽 성벽,262,2355,908,2138340,2.799998,30,30,0,0
954107400,세르니움,5단계 : 격전의 동쪽 성벽,263,2013,955,1922415,4.299996,40,40,0,0
954107500,세르니움,6단계 : 불타는 왕립 도서관,264,2360,795,1876200,3.699999,40,40,0,0
954108000,아르크스,1단계 : 무법자들이 출몰하는 황야,265,2639,950,2507050,2.5,30,30,0,0
954108100,아르크스,2단계 : 학살자들이 점령한 황야,265,2960,1104,3267840,2.6,39,35,0,0
954108200,아르크스,3단계 : 낭만이 감도는 자동차 극장,266,2199,1012,2225388,3.399999,35,35,0,0
954108300,아르크스,4단계 : 낭만이 움트는 자동차 극장,266,2400,1020,2448000,3.199999,35,35,0,0
954108400,아르크스,5단계 : 종착지 잃은 횡단열차,267,2154,970,2089380,3.999998,40,40,0,0
954108500,아르크스,6단계 : 횡단열차 선두,269,3250,697,2265250,2.4,36,35,0,0
954109000,오디움,1단계 : 성문이 보이는 길,270,2988,793,2369484,2.2,30,30,0,0
954109100,오디움,2단계 : 성문으로 향하는 길,270,2382,986,2348652,2.7,30,30,0,0
954109200,오디움,3단계 : 점령당한 골목,271,2760,928,2561280,2.799999,36,35,0,0
954109300,오디움,4단계 : 오후의 실험실,272,2359,1430,3373370,2.0,36,35,0,0
954109400,오디움,5단계 : 잠긴 문 옆 실험실,273,2361,983,2320863,3.699999,40,40,0,0
954109500,오디움,6단계 : 출입이 제한된 실험실,273,2961,1234,3653874,2.2,39,40,0,0
954110000,도원경,1단계 : 생기가 돌아오는 봄,0,2990,865,2586350,1.8,25,30,0,0
954110100,도원경,2단계 : 빛이 약한 여름,0,2989,866,2588474,1.6,22,30,0,0
954110200,도원경,3단계 : 빛이 약한 여름,0,2932,866,2539112,1.6,21,30,0,0
954110300,도원경,4단계 : 색깔이 옅은 가을,0,2580,866,2234280,2.1,25,30,0,0
954110400,도원경,5단계 : 참혹한 흔적의 겨울,0,2990,865,2586350,1.6,22,30,0,0
954110500,도원경,6단계 : 참혹한 흔적의 겨울,0,2990,865,2586350,1.7,23,31,0,0
954111000,아르테리아,1단계 : 외곽 전투지역,0,2631,952,2504712,2.5,30,30,0,0
954111100,아르테리아,2단계 : 외곽 전투지역,0,2631,952,2504712,2.5,30,30,0,0
954111200,아르테리아,3단계 : 최하층 통로,0,2360,1056,2492160,2.7,30,30,0,0
954111300,아르테리아,4단계 : 최하층 통로,0,2360,1056,2492160,2.7,30,30,0,0
954111400,아르테리아,5단계 : 최상층 통로,0,2360,1020,2407200,2.799999,30,30,0,0
954111500,아르테리아,6단계 : 최상층 통로,0,2360,1020,2407200,2.899999,32,31,0,0
954112000,카르시온,1단계 : 거대 산호 군락,0,2432,745,1811840,2.7,30,30,0,0
954112100,카르시온,2단계 : 잔잔한 해안가,0,3009,735,2211615,2.2,31,30,0,0
954112200,카르시온,3단계 : 휘감기는 숲,0,2674,1364,3647336,1.6,30,30,0,0
954112300,카르시온,4단계 : 어둠이 내리는 나무줄기,0,2682,1510,4049820,1.4,31,30,0,0
954112400,카르시온,5단계 : 숨이 멎어드는 동굴,0,2562,956,2449272,2.5,30,30,0,0
954112500,카르시온,6단계 : 가라앉은 유적지,0,2568,999,2565432,2.6,31,31,0,0
954113000,탈라하트,1단계 : 재와 침묵의 땅,0,2960,682,2018720,2.2,30,30,0,0
954113100,탈라하트,2단계 : 섭리와 운명의 전쟁터,0,2960,674,1995040,2.2,30,30,0,0
954113200,탈라하트,3단계 : 심판과 운명의 전쟁터,0,2960,674,1995040,2.2,30,30,0,0
954113300,탈라하트,4단계 : 영원과 운명의 전쟁터,0,2960,674,1995040,2.2,30,30,0,0
954113400,탈라하트,5단계 : 밤의 길,0,2960,654,1935840,2.2,30,30,0,0
954113500,탈라하트,6단계 : 환영의 길,0,2960,668,1977280,2.3,31,31,0,0
956010000,그림 속 세계,한적한 산책로,20,2030,630,1278900,1.4,13,11,3300,3300
956010200,그림 속 세계,한적한 공원,22,1220,925,1128500,1.5,8,7,2340,2340
956010300,그림 속 세계,광산 입구,33,2390,625,1493750,1.5,16,12,7405,7405
956010400,그림 속 세계,광산 깊은 곳,74,2030,543,1102290,2.0,19,15,49114,49114
956020200,그림 속 세계,작은 오아시스,67,1850,685,1267250,1.4,12,6,13525,13525
956020300,그림 속 세계,사막길,84,1940,685,1328900,1.4,12,9,59168,59168
956020400,그림 속 세계,붉은 사막,88,1850,625,1156250,1.6,13,8,62880,62880
956030100,그림 속 세계,털복숭이의숲,97,1670,690,1152300,1.8,14,12,126925,126925
956030200,그림 속 세계,하늘둥지,109,1580,963,1521540,2.0,14,12,166422,166422
956030300,그림 속 세계,야생식물 서식처,45,1490,330,491700,0.8,5,5,4800,4800
956030400,그림 속 세계,용의 숲,128,1760,990,1742400,2.2,18,15,228960,228960
956040000,그림 속 세계,골짜기 밑바닥,81,1040,1410,1466400,0.8,6,10,33428,55714
956040100,그림 속 세계,주니어 예티 서식지,45,1040,1999,2078960,1.5,18,10,9600,9600
956040200,그림 속 세계,냄새를 맡은 늑대들,127,1040,1999,2078960,1.5,18,8,147360,147360
956040400,그림 속 세계,냄새를 맡은 늑대들,127,1040,1999,2078960,1.5,18,8,147360,147360
956100100,고스트파크,고스트하우스,135,3760,1076,4045760,7.999993,40,23,1161762,1161762
957010000,이볼빙 시스템,링크1,1,1760,750,1320000,1.6,13,18,111,154
957011000,이볼빙 시스템,링크2,1,1760,1110,1953600,1.2,10,16,85,137
957012000,이볼빙 시스템,링크3,1,2030,1050,2131500,1.9,18,20,154,162
957013000,이볼빙 시스템,링크4,1,1940,990,1920600,1.7,15,19,128,162
957014000,이볼빙 시스템,링크5,1,2390,990,2366100,1.6,17,24,145,205
957016000,이볼빙 시스템,링크7,1,2480,1050,2604000,1.6,18,16,112,112
957017000,이볼빙 시스템,링크8,1,1400,1170,1638000,1.8,14,45,120,343
957018000,이볼빙 시스템,링크9,1,2660,445,1183700,0.4999999,6,5,42,42
980000101,몬스터 카니발,카니발 필드<전장>,30,2120,446,945520,3.599999,35,20,13980,13980
980000201,몬스터 카니발,카니발 필드<전장>,30,2120,446,945520,3.599999,35,20,13980,13980
980000301,몬스터 카니발,카니발 필드<전장>,30,2120,446,945520,3.599999,35,20,13980,13980
980000401,몬스터 카니발,카니발 필드<전장>,30,2120,446,945520,3.599999,35,20,13980,13980
980000501,몬스터 카니발,카니발 필드<전장>,30,2660,664,1766240,3.999998,40,22,15378,15378
980000601,몬스터 카니발,카니발 필드<전장>,30,2660,664,1766240,3.999998,40,22,15378,15378
980000701,몬스터 카니발,카니발 필드<전장>,33,2120,446,945520,3.599999,35,20,17056,17056
980000801,몬스터 카니발,카니발 필드<전장>,30,2660,664,1766240,3.999998,40,22,15378,15378
980000901,몬스터 카니발,카니발 필드<전장>,30,2660,664,1766240,3.999998,40,20,13980,13980
980001001,몬스터 카니발,카니발 필드<전장>,30,2660,664,1766240,3.999998,40,22,15378,15378
980001101,몬스터 카니발,카니발 필드<전장>,30,1970,899,1771030,1.0,9,20,13980,13980
980001201,몬스터 카니발,카니발 필드<전장>,30,1970,899,1771030,1.0,9,20,13980,13980
980001301,몬스터 카니발,카니발 필드<전장>,30,1970,899,1771030,1.0,9,20,13980,13980
980001401,몬스터 카니발,카니발 필드<전장>,30,1970,899,1771030,1.0,9,20,13980,13980
980001501,몬스터 카니발,카니발 필드<전장>,34,1706,924,1576344,1.0,7,18,15658,15658
980001601,몬스터 카니발,카니발 필드<전장>,34,1706,924,1576344,1.0,7,18,15658,15658
980001701,몬스터 카니발,카니발 필드<전장>,34,1706,924,1576344,1.0,7,18,15658,15658
980001801,몬스터 카니발,카니발 필드<전장>,30,1970,899,1771030,1.0,9,20,13980,13980
980001901,몬스터 카니발,카니발 필드<전장>,30,1970,899,1771030,1.0,9,20,13980,13980
980002001,몬스터 카니발,카니발 필드<전장>,30,1970,899,1771030,1.0,9,20,13980,13980
980010101,아리안트 투기대회,첫번째 투기장,50,1310,930,1218300,1.0,6,20,5142,17450
980010201,아리안트 투기대회,두번째 투기장,50,1310,930,1218300,1.0,6,20,5142,17450
980010301,아리안트 투기대회,세번째 투기장,50,1310,930,1218300,1.0,6,20,5142,17450
980020100,아리안트 투기대회,투기장,50,1490,725,1080250,1.0,6,20,5142,17450
980031100,몬스터 카니발 2,카니발 필드1<전장>,51,1970,899,1771030,1.0,9,10,163,163
980032100,몬스터 카니발 2,카니발 필드2<전장>,56,1706,924,1576344,1.0,7,8,256,307
980033100,몬스터 카니발 2,카니발 필드3<전장>,51,1970,899,1771030,1.0,9,10,163,163
992000020,고대 메이플 월드,정글,111,3200,1195,3824000,1.0,18,10,117548,117548
992000060,고대 메이플 월드,지저 세계,129,1300,2010,2613000,1.0,15,9,582874,582874
992001000,"해저의 탑 ""더 시드""",해저 1층,100,3869,1410,5455290,2.2,40,38,260571,260571
992002000,"해저의 탑 ""더 시드""",해저 2층,148,3110,1596,4963560,1.2,33,21,849960,849960
992003000,"해저의 탑 ""더 시드""",해저 3층,104,3290,1986,6533940,1.8,40,34,270737,270737
992004000,"해저의 탑 ""더 시드""",해저 4층,108,2918,1630,4756340,1.8,40,28,253440,253440
992006000,"해저의 탑 ""더 시드""",해저 6층,112,1726,1770,3055020,1.499998,26,37,319800,455100
992008000,"해저의 탑 ""더 시드""",해저 8층,120,2256,1830,4128480,0.9999982,24,19,293794,293794
992011000,"해저의 탑 ""더 시드""",해저 11층,124,3740,1225,4581500,1.8,40,41,687771,704965
992016000,"해저의 탑 ""더 시드""",해저 16층,132,3650,1215,4434750,1.8,39,41,907920,954480
992019000,"해저의 탑 ""더 시드""",해저 19층,137,4761,1726,8217486,2.999999,40,24,0,0
992021000,"해저의 탑 ""더 시드""",해저 21층,144,3730,1648,6147040,2.5,40,53,1436228,1903002
992026000,"해저의 탑 ""더 시드""",해저 26층,152,3200,1470,4704000,1.0,25,2,92657,92657
992029000,"해저의 탑 ""더 시드""",해저 29층,158,1760,765,1346400,1.0,8,16,478217,956434
992031000,"해저의 탑 ""더 시드""",해저 31층,160,2030,1955,3968650,2.0,40,45,2578285,2900571
992034000,"해저의 탑 ""더 시드""",해저 34층,165,2660,3265,8684900,1.0,40,20,1535142,1535142
992038000,"해저의 탑 ""더 시드""",해저 38층,175,4280,805,3445400,2.5,40,27,2797045,2797045
992046000,"해저의 탑 ""더 시드""",해저 46층,195,765,2438,1865070,1.8,22,18,3657960,3657960
993000400,히든스트리트,구애의 춤,17,1339,620,830180,1.0,6,6,1568,1568
993000716,,설귀도 산악지역 괴석지대,1,3740,948,3545520,0.5,8,18,68,154
993000717,,설귀도 산악지역 괴석지대,1,3740,948,3545520,0.5,8,17,68,145
993000718,,설귀도 산악지역 괴석지대,1,3740,810,3029400,0.5,8,15,68,128
993000719,,설귀도 산악지역 죽음의 숲,1,3809,1201,4574609,0.3,6,5,42,42
993000720,,설귀도 산악지역 죽음의 숲,1,2956,1201,3550156,0.3,5,6,42,51
993000721,,설귀도 산악지역 죽음의 숲,1,4153,1201,4987753,0.4999999,12,7,60,60
993000728,,설귀도 지하 무쿠루 서식처,1,5026,619,3111094,0.5,11,20,1414,2571
993000729,,설귀도 지하 무쿠루 서식처,1,5026,619,3111094,0.5,11,21,1414,2700
993000730,,설귀도 지하 무쿠루 서식처,1,5026,619,3111094,0.5,11,28,1414,3600
993000731,,설귀도 지하 종유석 지대,0,5026,619,3111094,1.0,23,20,0,0
993000732,,설귀도 지하 종유석 지대,0,5026,619,3111094,1.0,23,20,0,0
993000733,,설귀도 지하 종유석 지대,0,5026,613,3080938,1.0,23,32,0,0
993033200,유타네 콩닭농장,황금논밭,200,1940,565,1096100,1.3,11,19,1196862,2067308
993060035,사상의 경계,레지스탕스 함선 1,200,2659,1414,3759826,1.8,36,30,0,0
993060036,사상의 경계,레지스탕스 함선 2,200,2659,1414,3759826,1.8,36,30,0,0
993060047,미지의 안개,노틸러스 호 호위선 2,200,2660,1422,3782520,1.8,36,31,0,0
993060060,공허의 파도,난파선 갑판 1,200,2660,994,2644040,1.8,22,31,0,0
993060061,공허의 파도,난파선 갑판 2,200,2660,992,2638720,1.8,22,31,0,0
993060080,공허의 파도,화이트 스피어 갑판 2,200,2660,925,2460500,1.8,22,11,0,0
993060100,에레브,에레브 초입 1,250,2816,903,2542848,2.999999,39,33,0,0
993060200,에레브,에레브 초입 2,250,2816,903,2542848,2.999999,39,33,0,0
993060300,에레브,에레브 초입 3,250,2816,903,2542848,2.999999,39,33,0,0
993060400,에레브,하늘나루,250,1945,936,1820520,3.399999,30,16,0,0
993060500,에레브,에레브 사잇길 1,250,3536,903,3193008,2.999999,40,31,0,0
993060600,에레브,에레브 사잇길 2,250,3536,903,3193008,2.999999,40,31,0,0
993060700,에레브,에레브 사잇길 3,250,3536,903,3193008,2.999999,40,31,0,0
993060800,에스페라,혼돈에 휩싸인 바다 1,250,4049,1149,4652301,1.0,22,28,0,0
993060900,에스페라,혼돈에 휩싸인 바다 2,250,4049,1149,4652301,1.0,22,28,0,0
993061000,에스페라,혼돈에 휩싸인 바다 3,250,4049,1149,4652301,1.0,22,28,0,0
993061400,사상의 경계,레지스탕스 함선 1,250,2660,680,1808800,2.5,31,13,0,0
993061500,사상의 경계,레지스탕스 함선 2,250,2660,680,1808800,2.0,24,12,0,0
993061600,사상의 경계,레지스탕스 함선 3,251,2660,680,1808800,2.0,24,11,0,0
993061700,사상의 경계,레지스탕스 함선 1,250,2660,682,1814120,2.0,24,15,0,0
993061800,사상의 경계,레지스탕스 함선 2,250,2660,682,1814120,2.0,24,15,0,0
993061900,사상의 경계,레지스탕스 함선 3,251,2660,682,1814120,2.0,24,15,0,0
993062500,에레브,에레브 초입,250,2816,903,2542848,2.999999,39,30,0,0
993062520,사상의 경계,레지스탕스 함선 ,250,2660,682,1814120,2.0,24,30,0,0
993062540,미지의 안개,노바 함선,252,3560,629,2239240,2.5,40,30,0,0
993062560,공허의 파도,화이트 스피어 호위선 ,254,2738,922,2524436,2.4,30,30,0,0
993062580,공허의 파도,화이트 스피어,254,3560,710,2527600,2.5,40,30,0,0
993062670,세피로트,세피로트 외곽 동쪽,105,2657,867,2303619,4.299998,40,11,243822,243822
993062770,세피로트,세피로트 외곽 북쪽,105,2657,852,2263764,4.299998,40,11,243822,243822
993062870,세피로트,세피로트 외곽 서쪽,105,2657,852,2263764,4.299998,40,12,265988,265988
993063800,고통의 미궁,고통의 미궁 최심부,259,2480,1105,2740400,2.0,25,22,0,0
993063900,고통의 미궁,고통의 미궁 최심부,259,2480,1105,2740400,2.0,25,22,0,0
993065300,미지의 안개,사슬에 휘감긴 함선 1,252,3560,629,2239240,2.5,40,19,0,0
993065400,미지의 안개,사슬에 휘감긴 함선 2,252,3560,629,2239240,2.5,40,19,0,0
993065500,미지의 안개,사슬에 휘감긴 함선 3,253,3560,629,2239240,2.5,40,19,0,0
993065900,공허의 파도,화이트 스피어 갑판 1,254,3560,837,2979720,2.5,40,21,0,0
993066000,공허의 파도,화이트 스피어 갑판 2,254,3560,837,2979720,2.5,40,21,0,0
993066100,공허의 파도,화이트 스피어 갑판 3,254,3560,837,2979720,2.5,40,21,0,0
993066500,공허의 파도,돌격선 갑판 1,254,3560,710,2527600,2.5,40,20,0,0
993066600,공허의 파도,돌격선 갑판 2,254,3560,710,2527600,2.5,40,20,0,0
993066700,공허의 파도,돌격선 갑판 3,254,3560,710,2527600,2.5,40,20,0,0
993066800,공허의 파도,돌격선 갑판 1,254,3559,712,2534008,2.5,40,20,0,0
993066900,공허의 파도,돌격선 갑판 2,254,3559,712,2534008,2.5,40,20,0,0
993067000,공허의 파도,돌격선 갑판 3,254,3559,712,2534008,2.5,40,20,0,0
993067100,문브릿지,공허의 눈 내부,254,1340,621,832140,2.0,12,1,0,0
993067400,미지의 안개,노틸러스 호 호위선,253,2660,330,877800,2.5,31,16,0,0
993068100,고통의 미궁,추락 지점,256,3020,330,996600,2.5,35,10,0,0
993068500,고통의 미궁,고통의 미궁 중심부,257,2030,330,669900,2.7,25,12,0,0
993068600,고통의 미궁,고통의 미궁 중심부,257,2750,1225,3368750,2.0,33,25,0,0
993068700,고통의 미궁,고통의 미궁 중심부,257,2750,1225,3368750,2.0,33,25,0,0
993069000,고통의 미궁,고통의 미궁 중심부,257,2750,1225,3368750,2.0,33,25,0,0
993069100,고통의 미궁,고통의 미궁 중심부,257,2750,1225,3368750,2.0,33,25,0,0
993069300,고통의 미궁,고통의 미궁 중심부,258,2750,1225,3368750,2.0,33,25,0,0
993069400,고통의 미궁,고통의 미궁 중심부,258,2750,1225,3368750,2.0,33,25,0,0
993069600,고통의 미궁,고통의 미궁 중심부,258,2750,1225,3368750,2.0,33,25,0,0
993069700,고통의 미궁,고통의 미궁 중심부,258,2750,1225,3368750,2.0,33,25,0,0
993069900,고통의 미궁,고통의 미궁 최심부,259,2480,1105,2740400,2.0,25,22,0,0
993070100,리멘,세계의 눈물,260,3035,1252,3799820,1.8,34,36,0,0
993070200,리멘,세계의 눈물,260,3035,1252,3799820,1.8,34,36,0,0
993070300,리멘,세계의 눈물,260,3035,1252,3799820,1.8,34,36,0,0
993071300,리멘,세계의 눈물,262,1580,2468,3899440,1.8,40,35,0,0
993071400,리멘,세계의 눈물,262,1580,2468,3899440,1.8,40,38,0,0
993071500,리멘,세계의 눈물,262,1580,2468,3899440,1.9,40,35,0,0
993072000,리멘,레지스탕스 함선 갑판,254,4460,1145,5106700,2.0,40,52,0,0
993072100,리멘,레지스탕스 함선 갑판2,253,4460,1145,5106700,2.0,40,52,0,0
993072200,리멘,레지스탕스 함선 갑판3,253,4460,1145,5106700,2.0,40,54,0,0
993072300,리멘,레지스탕스 함선 갑판4,254,4460,1145,5106700,2.0,40,55,0,0
993072400,리멘,레지스탕스 함선 갑판5,253,4460,1145,5106700,2.0,40,56,0,0
993072500,리멘,레지스탕스 함선 갑판6,253,4460,1145,5106700,2.0,40,56,0,0
993104100,올라~올라~,올라~올라~ ,7,1348,7145,9631460,1.0,40,23,0,0
993120500,주간 임무 : 이상 현상 조사,시공의 균열 내부 1,10,1850,1465,2710250,3.299999,40,40,0,0
993120520,주간 임무 : 이상 현상 조사,시공의 균열 내부 2,11,3920,510,1999200,2.5,40,40,0,0
993120540,주간 임무 : 이상 현상 조사,시공의 균열 내부 3,13,1850,1585,2932250,2.6,40,40,0,0
993120560,주간 임무 : 이상 현상 조사,시공의 균열 내부 4,15,3470,1053,3653910,2.3,37,40,0,0
993120580,주간 임무 : 이상 현상 조사,시공의 균열 내부 5,14,2210,1285,2839850,2.899999,40,31,0,0
993120600,주간 임무 : 이상 현상 조사,시공의 균열 내부 1,20,1940,2185,4238900,1.799998,40,40,0,0
993120620,주간 임무 : 이상 현상 조사,시공의 균열 내부 2,20,2300,1272,2925600,2.899998,40,34,0,0
993120640,주간 임무 : 이상 현상 조사,시공의 균열 내부 3,21,2390,1023,2444970,3.699997,40,31,0,0
993120660,주간 임무 : 이상 현상 조사,시공의 균열 내부 4,22,2210,1285,2839850,2.899998,40,40,0,0
993120680,주간 임무 : 이상 현상 조사,시공의 균열 내부 5,23,1940,1280,2483200,3.299997,40,30,0,0
993120700,주간 임무 : 이상 현상 조사,시공의 균열 내부 1,7,1275,1188,1514700,5.499995,40,25,0,0
993120720,주간 임무 : 이상 현상 조사,시공의 균열 내부 2,7,1275,1188,1514700,5.499995,40,25,0,0
993120740,주간 임무 : 이상 현상 조사,시공의 균열 내부 3,10,1270,1320,1676400,4.399998,37,25,0,0
993120760,주간 임무 : 이상 현상 조사,시공의 균열 내부 4,25,1230,2356,2897880,2.3,40,25,0,0
993120780,주간 임무 : 이상 현상 조사,시공의 균열 내부 5,30,1366,1274,1740284,4.599998,40,16,0,0
993120800,주간 임무 : 이상 현상 조사,시공의 균열 내부 1,16,2120,925,1961000,1.799998,17,25,0,0
993120820,주간 임무 : 이상 현상 조사,시공의 균열 내부 2,21,2570,565,1452050,4.899996,40,25,0,0
993120840,주간 임무 : 이상 현상 조사,시공의 균열 내부 3,29,2030,865,1755950,4.399996,40,25,0,0
993120860,주간 임무 : 이상 현상 조사,시공의 균열 내부 4,40,1490,1165,1735850,10.0,40,25,0,0
993120880,주간 임무 : 이상 현상 조사,시공의 균열 내부 5,47,2030,985,1999550,10.0,40,26,0,0
993120900,주간 임무 : 이상 현상 조사,시공의 균열 내부 1,45,3470,625,2168750,3.299999,40,21,0,0
993120920,주간 임무 : 이상 현상 조사,시공의 균열 내부 2,46,2840,1105,3138200,2.899999,40,37,0,0
993120940,주간 임무 : 이상 현상 조사,시공의 균열 내부 3,49,1760,1165,2050400,4.099998,40,26,0,0
993120960,주간 임무 : 이상 현상 조사,시공의 균열 내부 4,50,3200,330,1056000,3.699999,40,18,0,0
993120980,주간 임무 : 이상 현상 조사,시공의 균열 내부 5,49,1400,985,1379000,3.399999,22,16,0,0
993121000,주간 임무 : 이상 현상 조사,시공의 균열 내부 1,69,3382,765,2587230,2.399998,38,20,0,0
993121020,주간 임무 : 이상 현상 조사,시공의 균열 내부 2,70,2932,774,2269368,2.899998,39,16,0,0
993121040,주간 임무 : 이상 현상 조사,시공의 균열 내부 3,70,4914,895,4398030,2.799998,40,24,0,0
993121060,주간 임무 : 이상 현상 조사,시공의 균열 내부 4,69,4282,894,3828108,2.899998,40,27,0,0
993121080,주간 임무 : 이상 현상 조사,시공의 균열 내부 5,70,2302,833,1917566,4.799996,40,12,0,0
993121100,주간 임무 : 이상 현상 조사,시공의 균열 내부 1,74,2300,1525,3507500,3.299999,40,40,0,0
993121120,주간 임무 : 이상 현상 조사,시공의 균열 내부 2,74,3739,784,2931376,2.5,40,34,0,0
993121140,주간 임무 : 이상 현상 조사,시공의 균열 내부 3,74,3740,913,3414620,2.6,40,32,0,0
993121160,주간 임무 : 이상 현상 조사,시공의 균열 내부 4,74,2120,445,943400,2.3,22,16,0,0
993121180,주간 임무 : 이상 현상 조사,시공의 균열 내부 5,70,2480,330,818400,2.899999,33,11,0,0
993121200,주간 임무 : 이상 현상 조사,시공의 균열 내부 1,79,1026,1549,1589274,6.599994,40,25,0,0
993121220,주간 임무 : 이상 현상 조사,시공의 균열 내부 2,95,1048,1329,1392792,5.699995,40,25,0,0
993121240,주간 임무 : 이상 현상 조사,시공의 균열 내부 3,117,1024,1771,1813504,5.399995,40,25,0,0
993121260,주간 임무 : 이상 현상 조사,시공의 균열 내부 4,119,1049,1545,1620705,10.0,40,15,0,0
993121280,주간 임무 : 이상 현상 조사,시공의 균열 내부 5,121,1047,1085,1135995,7.899993,40,11,0,0
993121300,주간 임무 : 이상 현상 조사,시공의 균열 내부 1,78,1760,985,1733600,4.999998,40,25,0,0
993121320,주간 임무 : 이상 현상 조사,시공의 균열 내부 2,78,1670,985,1644950,5.299997,40,25,0,0
993121340,주간 임무 : 이상 현상 조사,시공의 균열 내부 3,79,2390,835,1995650,3.699999,40,25,0,0
993121360,주간 임무 : 이상 현상 조사,시공의 균열 내부 4,80,2300,900,2070000,3.499999,37,25,0,0
993121380,주간 임무 : 이상 현상 조사,시공의 균열 내부 5,80,3020,565,1706300,3.399999,40,26,0,0
993121400,주간 임무 : 이상 현상 조사,시공의 균열 내부 1,87,1850,1525,2821250,2.999998,40,25,0,0
993121420,주간 임무 : 이상 현상 조사,시공의 균열 내부 2,87,2120,925,1961000,4.199996,40,25,0,0
993121440,주간 임무 : 이상 현상 조사,시공의 균열 내부 3,88,1580,865,1366700,5.299995,39,25,0,0
993121460,주간 임무 : 이상 현상 조사,시공의 균열 내부 4,88,1490,1165,1735850,4.899996,40,25,0,0
993121480,주간 임무 : 이상 현상 조사,시공의 균열 내부 5,88,2210,685,1513850,3.999997,40,16,0,0
993121500,주간 임무 : 이상 현상 조사,시공의 균열 내부 1,92,2156,545,1175020,4.599998,40,25,0,0
993121520,주간 임무 : 이상 현상 조사,시공의 균열 내부 2,92,1912,511,977032,4.699998,40,25,0,0
993121540,주간 임무 : 이상 현상 조사,시공의 균열 내부 3,94,1915,443,848345,4.599998,40,20,0,0
993121560,주간 임무 : 이상 현상 조사,시공의 균열 내부 4,94,1913,440,841720,2.3,20,25,0,0
993121580,주간 임무 : 이상 현상 조사,시공의 균열 내부 5,94,1913,445,851285,4.599998,40,23,0,0
993121600,주간 임무 : 이상 현상 조사,시공의 균열 내부 1,95,690,1580,1090200,3.599999,25,25,0,0
993121620,주간 임무 : 이상 현상 조사,시공의 균열 내부 2,95,690,1580,1090200,4.099998,28,25,0,0
993121640,주간 임무 : 이상 현상 조사,시공의 균열 내부 3,94,1054,1597,1683238,3.399999,32,25,0,0
993121660,주간 임무 : 이상 현상 조사,시공의 균열 내부 4,96,690,1580,1090200,3.499999,24,25,0,0
993121680,주간 임무 : 이상 현상 조사,시공의 균열 내부 5,96,690,1580,1090200,3.699999,26,25,0,0
993121700,주간 임무 : 이상 현상 조사,시공의 균열 내부 1,95,2210,625,1381250,2.999999,31,25,0,0
993121720,주간 임무 : 이상 현상 조사,시공의 균열 내부 2,96,2210,747,1650870,3.099999,32,25,0,0
993121740,주간 임무 : 이상 현상 조사,시공의 균열 내부 3,98,2210,625,1381250,2.999999,31,26,0,0
993121760,주간 임무 : 이상 현상 조사,시공의 균열 내부 4,96,2210,747,1650870,2.999999,31,25,0,0
993121780,주간 임무 : 이상 현상 조사,시공의 균열 내부 5,100,2210,807,1783470,3.399999,35,26,0,0
993121800,주간 임무 : 이상 현상 조사,시공의 균열 내부 1,110,1850,917,1696450,3.799999,32,25,0,0
993121820,주간 임무 : 이상 현상 조사,시공의 균열 내부 2,110,1850,917,1696450,3.799999,32,25,0,0
993121840,주간 임무 : 이상 현상 조사,시공의 균열 내부 3,110,2210,1217,2689570,2.5,33,25,0,0
993121860,주간 임무 : 이상 현상 조사,시공의 균열 내부 4,110,2210,1217,2689570,2.5,33,25,0,0
993121880,주간 임무 : 이상 현상 조사,시공의 균열 내부 5,110,2210,1217,2689570,2.5,33,26,0,0
993121900,주간 임무 : 이상 현상 조사,시공의 균열 내부 1,112,2226,472,1050672,3.299999,34,24,0,0
993121920,주간 임무 : 이상 현상 조사,시공의 균열 내부 2,112,1850,472,873200,4.399998,38,27,0,0
993121940,주간 임무 : 이상 현상 조사,시공의 균열 내부 3,112,1760,472,830720,3.799999,31,26,0,0
993121960,주간 임무 : 이상 현상 조사,시공의 균열 내부 4,113,1850,472,873200,4.599998,39,25,0,0
993121980,주간 임무 : 이상 현상 조사,시공의 균열 내부 5,113,2030,472,958160,3.599999,34,24,0,0
993122000,주간 임무 : 이상 현상 조사,시공의 균열 내부 1,122,2200,865,1903000,3.999997,40,25,0,0
993122020,주간 임무 : 이상 현상 조사,시공의 균열 내부 2,123,3020,805,2431100,2.899998,40,25,0,0
993122040,주간 임무 : 이상 현상 조사,시공의 균열 내부 3,123,4010,925,3709250,2.799998,40,25,0,0
993122060,주간 임무 : 이상 현상 조사,시공의 균열 내부 4,124,2570,895,2300150,3.499997,40,25,0,0
993122080,주간 임무 : 이상 현상 조사,시공의 균열 내부 5,129,2290,775,1774750,4.099997,40,25,0,0
993122100,주간 임무 : 이상 현상 조사,시공의 균열 내부 1,137,1400,925,1295000,4.899998,32,27,0,0
993122120,주간 임무 : 이상 현상 조사,시공의 균열 내부 2,137,1580,925,1461500,4.899998,36,31,0,0
993122140,주간 임무 : 이상 현상 조사,시공의 균열 내부 3,138,1490,865,1288850,4.099998,28,25,0,0
993122160,주간 임무 : 이상 현상 조사,시공의 균열 내부 4,138,1940,1123,2178620,3.499999,35,25,0,0
993122180,주간 임무 : 이상 현상 조사,시공의 균열 내부 5,138,2300,925,2127500,3.599999,38,25,0,0
993122200,주간 임무 : 이상 현상 조사,시공의 균열 내부 1,58,2390,1531,3659090,2.599998,40,26,0,0
993122220,주간 임무 : 이상 현상 조사,시공의 균열 내부 2,60,2660,1285,3418100,2.599998,40,29,0,0
993122240,주간 임무 : 이상 현상 조사,시공의 균열 내부 3,62,2030,1165,2364950,3.599997,40,29,0,0
993122260,주간 임무 : 이상 현상 조사,시공의 균열 내부 4,138,2120,1105,2342600,3.899997,40,26,0,0
993122280,주간 임무 : 이상 현상 조사,시공의 균열 내부 5,135,2120,1345,2851400,2.899998,40,25,0,0
993122300,주간 임무 : 이상 현상 조사,시공의 균열 내부 1,145,1569,1369,2147961,3.499999,39,24,0,0
993122320,주간 임무 : 이상 현상 조사,시공의 균열 내부 2,150,1559,1132,1764788,4.699998,39,22,0,0
993122340,주간 임무 : 이상 현상 조사,시공의 균열 내부 3,153,1569,1363,2138547,3.299999,36,24,0,0
993122360,주간 임무 : 이상 현상 조사,시공의 균열 내부 4,149,1580,1405,2219900,3.299999,38,25,0,0
993122380,주간 임무 : 이상 현상 조사,시공의 균열 내부 5,146,1569,1368,2146392,3.299999,37,27,0,0
993122400,주간 임무 : 이상 현상 조사,시공의 균열 내부 1,139,2072,1018,2109296,3.399997,33,27,0,0
993122420,주간 임무 : 이상 현상 조사,시공의 균열 내부 2,139,2072,1232,2552704,2.899998,36,28,0,0
993122440,주간 임무 : 이상 현상 조사,시공의 균열 내부 3,139,2072,984,2038848,3.399997,33,28,0,0
993122460,주간 임무 : 이상 현상 조사,시공의 균열 내부 4,139,2072,893,1850296,3.999997,38,34,0,0
993122480,주간 임무 : 이상 현상 조사,시공의 균열 내부 5,139,2072,1185,2455320,3.299997,39,28,0,0
993122900,세르니움,왕립 도서관 제한구역,61,2840,949,2695160,1.8,23,23,0,0
993130150,에레브,에레브 어딘가,260,1490,558,831420,2.999999,20,6,0,0
993130300,에레브,에레브 지하감옥,260,795,581,461895,2.999999,11,5,0,0
993131100,레헬른,시계탑 1층,260,1083,3118,3376794,1.6,36,26,0,0
993131150,레헬른,시계탑 2층,260,1079,3245,3501355,1.6,37,25,0,0
993131200,레헬른,시계탑 3층,260,1083,3147,3408201,1.6,36,21,0,0
993132100,모라스,그날의 트뤼에페2,260,4163,1122,4670886,2.0,40,28,0,0
993132150,모라스,그날의 트뤼에페3,260,4257,1654,7041078,1.0,40,17,0,0
993132200,모라스,그날의 트뤼에페4,260,4304,1364,5870656,1.0,30,18,0,0
993133100,에스페라,회절의 회랑,260,1337,824,1101688,1.0,6,6,0,0
993133150,에스페라,깊은 거울,260,1465,680,996200,1.0,6,6,0,0
993133200,에스페라,바스러지는 빛,260,1462,546,798252,1.0,6,8,0,0
993134100,리멘,세계의 눈물 하단1,260,3963,797,3158511,1.3,24,23,0,0
993134150,리멘,세계의 눈물 하단2,260,4271,816,3485136,1.3,26,31,0,0
993134200,리멘,세계의 눈물 하단3,260,3654,771,2817234,1.5,25,24,0,0
993142100,세르니움,성지가 보이는 곳,260,2262,330,746460,2.899999,30,14,0,0
993142200,세르니움,성지가 보이는 곳,260,2262,330,746460,2.899999,30,15,0,0
993142300,세르니움,성지가 보이는 곳,260,2262,330,746460,2.899999,30,16,0,0
993147100,세르니움,검의 무덤,260,1554,688,1069152,1.0,7,11,0,0
993148100,세르니움,세르니움 동쪽 성벽,260,2697,330,890010,2.799998,35,15,0,0
993148200,세르니움,세르니움 동쪽 성벽,260,2697,330,890010,2.799998,35,15,0,0
993148300,세르니움,세르니움 동쪽 성벽,260,2697,330,890010,2.799998,35,15,0,0
993149100,세르니움,세르니움 동쪽 성문,260,1232,330,406560,1.0,5,7,0,0
993155100,세르니움,레프군 주둔지 근처,260,3560,697,2481320,2.899999,40,14,0,0
993155200,세르니움,레프군 주둔지 근처,260,3560,697,2481320,2.899999,40,14,0,0
993155300,세르니움,레프군 주둔지 근처,260,3560,697,2481320,2.899999,40,14,0,0
993156100,세르니움,레프군 주둔지,260,1580,330,521400,1.0,7,8,0,0
993159100,불타는 세르니움,세르니움 광장,260,2378,330,784740,1.9,21,18,0,0
993160002,선유산 기슭,도술 수련장 1,3,2347,852,1999644,2.0,22,24,942,1028
993160003,선유산 기슭,도술 수련장 2,3,2347,852,1999644,2.0,22,24,942,1028
993160004,선유산 기슭,도술 수련장 3,3,2347,852,1999644,2.0,22,24,942,1028
993160109,히든 스트리트,사원 내부 2,24,2480,613,1520240,1.9,22,24,0,0
993160152,히든 스트리트,개미굴의 왜곡 공간,65,3440,2025,6966000,1.0,40,84,99085,208080
993160158,히든 스트리트,미나르 숲의 왜곡 공간,137,762,1958,1491996,1.4,13,15,622365,718114
993160200,히든 스트리트,사원 내부 1,24,2480,613,1520240,1.9,22,24,0,0
993160300,히든 스트리트,사원 내부 2,30,2480,613,1520240,1.9,22,24,0,0
993160400,히든 스트리트,사원 내부 3,30,2480,613,1520240,1.9,22,24,0,0
993161000,히든 스트리트,늪지대의 왜곡 공간,50,1580,330,521400,1.7,12,1,0,0
993161200,히든 스트리트,개미굴의 왜곡 공간,65,1490,611,910390,1.0,6,1,0,0
993161300,히든 스트리트,아리안트의 왜곡 공간,90,1680,330,554400,1.6,12,1,0,0
993161400,히든 스트리트,엘나스의 왜곡 공간,110,1040,867,901680,1.5,7,1,0,0
993161500,히든 스트리트,미나르 숲의 왜곡 공간,150,761,849,646089,1.4,5,1,0,0
993161600,히든 스트리트,지구방위본부의 왜곡 공간,170,1638,475,778050,2.0,15,1,0,0
993161700,히든 스트리트,새비지 터미널의 왜곡 공간,180,2210,1031,2278510,2.4,24,1,0,0
993162042,히든 스트리트,성벽 입구,24,1395,686,956970,1.0,6,5,0,0
993162052,히든 스트리트,여섯갈래 길,3,2480,1685,4178800,1.0,23,13,757,757
993162074,히든 스트리트,지하 통로,21,3084,580,1788720,2.0,28,23,7294,7294
993162300,히든 스트리트,왼쪽 방,21,1349,330,445170,2.999999,18,12,0,0
993162500,히든 스트리트,성벽 근처 민가 1,24,3374,754,2543996,1.8,28,28,0,0
993162600,히든 스트리트,성벽 근처 민가 2,24,3374,754,2543996,1.8,28,28,0,0
993162700,히든 스트리트,성벽 근처 민가 3,24,3374,754,2543996,1.8,28,28,0,0
993162900,히든 스트리트,비극의 성벽 1,30,3374,754,2543996,1.8,28,28,0,0
993163000,히든 스트리트,비극의 성벽 2,30,3374,754,2543996,1.8,28,28,0,0
993163100,히든 스트리트,비극의 성벽 3,30,3374,754,2543996,1.8,28,28,0,0
993163200,히든 스트리트,첩탑,30,1365,1507,2057055,1.0,11,1,0,0
993164044,히든 스트리트,여섯갈래 길,3,2480,1685,4178800,1.0,23,13,757,757
993164100,툴렌시티,로비,12,2155,330,711150,1.0,10,9,0,0
993164200,툴렌시티,서쪽 구역,29,3458,755,2610790,1.0,16,19,0,0
993164300,툴렌시티,서쪽 구역,29,3458,1043,3606694,1.0,16,19,0,0
993164400,툴렌시티,서쪽 구역,29,3330,857,2853810,1.0,15,14,0,0
993164500,툴렌시티,로비,0,2155,451,971905,1.0,10,9,0,0
993164600,툴렌시티,2층 창고,0,2593,716,1856588,1.0,12,11,0,0
993164700,툴렌시티,2층 창고,0,2593,807,2092551,1.0,12,14,0,0
993164800,툴렌시티,2층 창고,0,2593,828,2147004,1.0,12,16,0,0
993164900,툴렌시티,4층 창고,0,2593,716,1856588,1.0,12,11,0,0
993165000,툴렌시티,4층 창고,0,2593,807,2092551,1.0,12,14,0,0
993165100,툴렌시티,4층 창고,0,2593,828,2147004,1.0,12,16,0,0
993165300,호텔 아르크스,무법자들이 지배하는 황야,265,1760,330,580800,1.0,8,6,0,0
993165400,호텔 아르크스,몰락한 황야의 도시,0,2060,330,679800,1.0,9,7,0,0
993165550,나린,바람이 쉬어가는 늘솔길 어딘가,10,2360,330,778800,1.0,11,4,0,0
993165850,카로테,아공간 첫 번째,265,2476,1151,2849876,2.6,35,30,0,0
993165900,카로테,아공간 두 번째,266,2476,1274,3154424,2.6,40,30,0,0
993165950,카로테,아공간 세 번째,267,2876,1120,3221120,2.799999,40,40,0,0
993166100,히든스트리트,블루머쉬맘의 숲,14,1490,990,1475100,0.9999982,6,10,1234,2057
993166250,판테온 동쪽 경계,스펙터 전장,50,2210,681,1505010,1.0,10,12,0,0
993167200,에리모스,사막과 가까운 곳,0,2556,1169,2987964,1.3,18,19,0,0
993167510,헬리시움 탈환본부,탈환본부 근방1,97,2840,720,2044800,2.0,26,20,0,0
993167520,헬리시움 탈환본부,탈환본부 근방2,97,2840,810,2300400,2.0,26,22,0,0
993167550,뒤틀린 숲,이름없는 숲,97,2750,690,1897500,1.0,12,10,0,0
993167560,뒤틀린 숲,맹견의 숲,97,2660,1075,2859500,1.6,20,20,0,0
993167570,뒤틀린 숲,선택의 숲,96,1670,835,1394450,2.6,20,20,0,0
993167580,뒤틀린 숲,블루스피의 목초지,102,2480,1020,2529600,2.2,25,20,0,0
993167590,이름없는 숲,포식의 숲,104,2210,865,1911650,2.0,20,20,0,0
993167600,이름없는 숲,스펙터 광산지대,104,1400,1105,1547000,2.799999,20,20,0,0
993167610,이름없는 숲,도심으로 가는 골짜기,115,1490,635,946150,2.899999,20,19,0,0
993167620,헬리시움 도심,한적한 도심 외곽,104,1670,401,669670,1.0,7,8,0,0
993167630,헬리시움 도심,한적한 도심 외곽,104,1850,330,610500,1.0,8,8,0,0
993173000,해안 절벽,고립된 궁수기지 지원,200,3483,1458,5078214,1.0,27,34,231,291
993173050,해안 절벽,적 상륙 저지,200,5224,773,4038152,1.0,24,41,205,351
993173100,해안 절벽,태양의 꽃 수집,200,2260,8003,18086780,1.0,40,28,240,240
993173200,세르니움 성벽,괴물 갈매기 저지,0,2532,763,1931916,1.699998,20,21,0,0
993173250,세르니움 성벽,화염과 번개 방어 작전,0,2697,1024,2761728,1.999998,25,33,0,0
993173300,세르니움 성벽,공성 무기 파괴,0,2530,1034,2616020,1.399998,16,30,0,0
993173400,세르니움,세르니움 광장,200,2249,900,2024100,1.0,10,22,85,188
993173450,세르니움,세르니움 외곽,201,4370,2217,9688290,0.5999999,36,29,205,205
993174500,빅토리아로드,헤네시스사냥터1,100,2198,1650,3626700,1.0,20,24,2914,3497
993174600,행복한 마을,행복한 마을,0,2660,801,2130660,0.3999999,4,2,0,0
993174700,헌티드 맨션,중앙 홀,0,3208,1058,3394064,2.0,30,31,0,0
993175000,어두운 동굴,개미굴1,65,3350,2672,8951200,1.0,40,49,99085,121380
993175100,에오스 탑,에오스 탑 1층,97,690,1830,1262700,0.2999999,2,3,0,0
993175200,빅토리아로드,남쪽숲나무던전1,60,1270,1320,1676400,4.399998,37,25,2571,2571
993175462,헌티드 맨션,주인없는 방,60,1324,405,536220,1.0,6,9,617,925
993175470,헌티드 맨션,서재,60,1324,385,509740,2.0,12,12,2365,2365
993175490,헌티드 맨션,버려진 무덤가,60,1670,503,840010,2.999999,23,13,14151,14151
993175510,헌티드 맨션,다락방,60,1324,378,500472,1.0,6,16,617,1645
993175520,헌티드 맨션,그림의 방,60,1381,516,712596,1.0,6,17,617,1748
993175530,헌티드 맨션,인형의 방,60,1324,505,668620,1.0,6,16,617,1645
993175580,헌티드 맨션,호박밭1,60,1740,553,962220,1.0,8,9,822,925
993175590,헌티드 맨션,호박밭2,0,950,330,313500,1.0,4,1,0,0
993175600,헌티드 맨션,인형의 방 2,60,1324,505,668620,1.0,6,14,617,1440
993176100,리버스 시티,M타워,0,2096,2780,5826880,1.5,40,38,0,0
993176110,리버스 시티,M타워,0,2096,2780,5826880,1.5,40,38,0,0
993176120,리버스 시티,M타워,0,2096,2780,5826880,1.5,40,38,0,0
993176130,리버스 시티,M타워 최상층,210,1561,661,1031821,1.0,7,7,0,0
993176900,얌얌 아일랜드,머쉬버드 숲 속,0,1408,330,464640,1.3,8,10,0,0
993176910,얌얌 아일랜드,꽃이 무성한 일리야드 들판,0,1408,330,464640,1.3,8,10,0,0
993176920,얌얌 아일랜드,꽃이 핀 일리야드 들판,220,1408,330,464640,1.0,6,1,0,0
993176930,얌얌 아일랜드,펑고스 숲,0,2556,864,2208384,1.9,22,29,0,0
993176940,얌얌 아일랜드,펑고스 숲,0,2556,886,2264616,1.9,22,31,0,0
993176950,얌얌 아일랜드,펑고스 숲,0,2556,874,2233944,1.9,22,28,0,0
993185100,셀라스,별이 삼켜진 심해,250,1945,330,641850,2.799999,25,6,0,0
993185110,셀라스,별이 삼켜진 심해,251,2402,831,1996062,2.3,25,19,0,0
993185120,셀라스,별이 삼켜진 심해,251,2065,1195,2467675,2.7,32,20,0,0
993185130,셀라스,별이 삼켜진 심해,251,3163,1044,3302172,2.6,38,24,0,0
993188400,헌티드 하우스,관리인의 방,101,910,330,300300,3.199999,13,16,0,0
993188600,헌티드 하우스,2층 부엌,101,987,330,325710,1.2,5,5,0,0
993188700,헌티드 하우스,4층 창고,101,991,330,327030,1.2,5,5,0,0
993188800,헌티드 하우스,3층 침실,101,984,330,324720,1.3,5,5,0,0
993188900,헌티드 하우스,2층 부엌,101,987,330,325710,1.2,5,5,0,0
993192600,블루밍 포레스트,블루밍 레이스,0,11904,2190,26069760,1.0,40,6,0,0
993195500,에스페라,프로텍트 에스페라,249,6470,1460,9446200,0.4999999,25,20,0,0
993195700,모라스,엔하임 디펜스,242,3650,1435,5237750,2.0,40,37,0,0
993201059,히든스트리트,외딴 숲 들판,10,2176,830,1806080,1.0,10,12,1457,1748
993201060,히든스트리트,외딴 숲 벌판,12,2270,850,1929500,1.0,10,17,1800,3060
993201061,히든스트리트,외딴 숲 공터,14,2350,1030,2420500,1.0,11,14,2262,2880
993201067,히든스트리트,제 1 연무장,20,1760,1050,1848000,2.0,16,18,4800,5400
993201130,히든스트리트,외딴 숲 빈터,0,1730,330,570900,1.0,8,6,0,0
993201280,히든스트리트,기묘한 80년 된 약초밭,190,1330,1112,1478960,1.8,12,1,0,0
993201290,히든스트리트,기묘한 신전의 입구,190,2124,774,1643976,3.099999,30,30,0,0
993201300,무릉도원,100년 된 약초밭,190,2704,1162,3142048,2.0,30,30,0,0
993201320,히든스트리트,기묘한 선인장 사막,190,2660,895,2380700,2.5,31,24,0,0
993201330,히든스트리트,기묘한 유랑단의 텐트,191,2840,685,1945400,2.3,30,30,0,0
993201350,루디브리엄성,시간의소용돌이,192,1647,1156,1903932,3.399999,30,30,0,0
993201360,히든스트리트,기묘한 잃어버린 시간,192,1377,1029,1416933,1.8,11,6,0,0
993201370,히든스트리트,기묘한 연구소,193,1966,619,1216954,2.0,18,17,0,0
993201390,히든스트리트,기묘한 연구소,195,1966,619,1216954,2.0,18,1,0,0
993201411,히든스트리트,기묘한 안개 낀 숲,190,3110,1045,3249950,2.5,36,29,12532722,12532722
993201412,히든스트리트,기묘한 100년 된 약초밭,190,3020,1162,3509240,2.5,40,66,17286514,28522748
993201414,히든스트리트,기묘한 신전의 입구,190,2124,774,1643976,1.6,15,16,6482442,6914605
993201415,히든스트리트,기묘한 무너진 신전,190,2418,821,1985178,2.3,26,20,8643257,8643257
993201417,히든스트리트,기묘한 사헬지대,190,1850,810,1498500,2.4,20,12,5185954,5185954
993201423,히든스트리트,기묘한 안개 낀 숲,190,3110,1045,3249950,2.5,36,29,12532722,12532722
993201453,히든스트리트,기묘한 100년 된 약초밭,190,3020,1162,3509240,2.5,40,66,17286514,28522748
993201483,히든스트리트,기묘한 신전의 입구,190,2124,774,1643976,1.6,15,16,6482442,6914605
993201513,히든스트리트,기묘한 무너진 신전,190,2418,821,1985178,2.3,26,20,8643257,8643257
993201543,히든스트리트,기묘한 사헬지대,190,1850,810,1498500,2.4,20,12,5185954,5185954
993212757,메이플 크로니클,지하 통로 입구 어딘가,21,3084,580,1788720,2.0,28,23,7294,7294
993213190,메이플 크로니클,사원 내부,24,2480,613,1520240,1.9,22,24,0,0
993217050,오디움,성문으로 가는 길 어딘가,270,2383,1138,2711854,2.6,33,30,0,0
993217110,오디움,잠긴 문 뒤 실험실 어딘가,271,2961,1036,3067596,2.3,31,30,0,0
993217140,오디움,잠긴 문 뒤 실험실 어딘가,273,2961,1156,3422916,2.2,35,30,0,0
993217170,오디움,잠긴 문 뒤 실험실 어딘가,274,2961,1036,3067596,2.4,33,30,0,0
993217200,오디움,눈을 뜬 실험실 어딘가,273,4624,1017,4702608,2.4,40,15,0,0
993217270,도원경,죽순이 쉬어가는 겨울 어딘가,275,2920,998,2914160,2.2,30,30,0,0
993217317,히든 스트리트,이상한 통로,140,1670,330,551100,1.0,7,1,0,0
993217347,히든 스트리트,호브의 은신처,0,1480,715,1058200,1.4,9,1,0,0
993217377,히든 스트리트,이상한 통로,140,1670,330,551100,1.0,7,1,0,0
993217387,히든 스트리트,호브의 은신처,0,1480,715,1058200,1.4,9,1,0,0
993217420,도원경,생기가 돌아오는 봄 어딘가 1,275,2988,872,2605536,2.3,32,30,0,0
993217450,도원경,생기가 돌아오는 봄 어딘가 2,275,2988,872,2605536,2.4,33,30,0,0
993217501,세계의 경계,세계의 경계 어딘가,260,2406,742,1785252,2.4,27,10,0,0
993217531,세계의 경계,세계의 경계 어딘가,261,2406,742,1785252,2.4,27,1,0,0
993217630,퀸스로드,동쪽 외곽지역 어딘가,280,2558,331,846698,2.6,31,11,0,0
993217640,아르테리아,격납고 어딘가,282,1720,626,1076720,2.6,20,8,0,0
993217650,아르테리아,최상층으로 가는 복도 어딘가,282,3553,1581,5617293,2.6,40,13,0,0
993217730,에르다의 격류,솔 에르다 깊은 곳 어딘가,260,2539,685,1739215,2.0,23,8,0,0
993217750,에르다의 격류,솔 에르다 깊은 곳 어딘가,260,2540,1508,3830320,1.0,20,24,0,0
993217890,카르시온,잔잔한 해안가 어딘가,0,3009,1099,3306891,2.899999,40,30,0,0
993217900,카르시온,어둠이 내리는 나무줄기 어딘가,0,1955,1699,3321545,5.099998,40,30,0,0
993217910,카르시온,어둠이 내리는 나무줄기 어딘가,0,2594,1505,3903970,5.099998,40,30,0,0
993217920,카르시온,어둠이 내리는 나무줄기 어딘가,0,2673,1411,3771603,5.099998,40,30,0,0
993217930,카르시온,숨이 멎어드는 동굴 어딘가,0,2562,989,2533818,5.099998,40,30,0,0
993217940,카르시온,숨이 멎어드는 동굴 어딘가,0,3227,989,3191503,5.099998,40,29,0,0
993217950,카르시온,숨이 멎어드는 동굴 어딘가,0,3227,989,3191503,5.099998,40,30,0,0
993217960,카르시온,성스러운 나무 정상,285,2467,330,814110,1.0,11,1,0,0
993218080,검은 바다,현혹의 신전,280,1460,330,481800,2.899999,19,13,0,0
993218150,히든스트리트,프란시스의 은신처,0,1620,300,486000,1.999998,15,1,0,0
993218160,리스항구,트루의 정보상점,0,762,330,251460,1.0,3,1,0,0
993218170,무릉도원,대장간 뒷산,0,1490,1530,2279700,1.8,22,1,0,0
993218180,스카이로드,봉인된 정원,0,1570,570,894900,1.5,11,1,0,0
993218190,무릉도원,무릉도장,0,961,658,632338,1.0,4,1,0,0
993218200,무릉도원,봉인된 사원,0,1400,330,462000,1.4,9,1,0,0
993218210,엘나스산맥,엘나스협곡 어딘가,0,1040,2300,2392000,1.4,21,23,0,0
993218220,헤네시스,궁수 교육원,0,1327,572,759044,1.0,6,1,0,0
993218230,스노우 아일랜드,리엔,0,5630,981,5523030,1.0,26,21,0,0
993218240,스노우 아일랜드,리엔,0,5630,981,5523030,1.0,26,1,0,0
993225600,던전 블래스트,<잠자는 나무>,2,1620,1450,2349000,3.299999,40,16,762,762
993226400,던전 블래스트,<개미굴 깊은 곳>,7,2258,1835,4143430,3.299999,40,23,7782,7782
993226500,던전 블래스트,<으스름한 신전 길목>,12,3421,1792,6130432,3.299999,40,28,57094,57094
993226900,프로즌 블래스트,<눈 덮인 발판>,2,2030,1536,3118080,3.299999,40,20,531,531
993227000,프로즌 블래스트,<우두머리의 영역>,8,1049,2571,2696979,3.299999,40,25,10302,10302
993227100,프로즌 블래스트,<깎여나간 절벽>,9,1048,2341,2453368,3.299999,40,20,9437,9437
993227200,프로즌 블래스트,<황폐해진 나무의 숲>,12,2300,925,2127500,3.299999,35,8,6531,6531
993227300,프로즌 블래스트,<시들어버린 나무의 숲>,12,2570,925,2377250,3.299999,39,7,6531,6531
993227400,프로즌 블래스트,<시선이 가득한 폐광>,11,2660,1285,3418100,3.299999,40,32,23185,23185
993227500,프로즌 블래스트,<안식할 수 없는 자의 폐광>,11,2750,1405,3863750,3.299999,40,28,18222,18222
993227600,프로즌 블래스트,<용암이 차오른 동굴>,14,4070,475,1933250,3.299999,40,23,56845,56845
993227700,프로즌 블래스트,<용암이 흐르는 동굴>,14,4070,475,1933250,3.299999,40,20,59905,59905
993228700,이덴 아쿠아 어드벤처,이덴섬 깊은 심해,0,3146,12402,39016692,3.299999,40,1,0,0
993229800,제로백: 버섯노래숲,바람꽃언덕,10,1580,1285,2030300,1.9,19,34,3036,5434
993229810,제로백: 골드비치,잔잔한 파도,40,2361,766,1808526,1.9,21,37,21327,37577
993229820,제로백: 습지,고요한 습지,66,1580,1165,1840700,1.9,16,30,42441,79577
993229830,제로백: 스카이로드,구름 계단,71,1840,1765,3247600,2.1,39,34,111325,111325
993229840,제로백: 알카드노 연구소,관계자 외 출입가능,95,2705,482,1303810,2.1,26,30,311777,359742
993232600,이덴티스크,두 섬의 경계1,0,2221,1498,3327058,3.299999,40,48,0,0
993232700,이덴티스크,두 섬의 경계2,0,2221,1496,3322616,3.299999,40,48,0,0
993232800,이덴티스크,두 섬의 경계3,0,2221,1618,3593578,3.299999,40,48,0,0
993233300,포레스트 블래스트,심연의 숲: 고요한 숲,2,1960,967,1895320,3.299999,30,24,1002,1002
993233400,포레스트 블래스트,심연의 숲: 투구벌레 서식지,8,1897,1253,2376941,3.299999,39,20,8828,8828
993233500,포레스트 블래스트,심연의 숲: 양의 영역,9,1897,1350,2560950,3.299999,40,7,2905,2905
993233600,포레스트 블래스트,심연의 숲: 거대한 둥지,18,2371,2191,5194861,3.299999,40,19,22680,22680
993233700,포레스트 블래스트,심연의 숲: 위험한 동굴,21,3817,923,3523091,3.299999,40,26,118131,118131
993241100,하이마운틴,태양의 예배당 옛 터,260,5360,1545,8281200,1.0,40,82,0,0
993241300,하이마운틴,기사단 병참기지 옛 터,260,5554,1557,8647578,1.0,40,84,0,0
993241500,하이마운틴,설원의 고도,260,4718,2086,9841748,4.499998,40,90,0,0
993242000,하이마운틴,태양의 예배당 옛 터,260,3638,2664,9691632,1.0,40,72,0,0
993242200,하이마운틴,기사단 집회소 옛 터,260,4268,1585,6764780,1.0,37,72,0,0
993242600,하이마운틴,기사단 병참기지 옛 터,260,4155,2001,8314155,1.0,40,76,0,0
993242800,하이마운틴,도심 광장 옛 터,260,3771,4630,17459730,1.0,40,67,0,0
993243200,하이마운틴,설원의 고도,260,3764,2074,7806536,1.0,40,56,0,0
993243400,하이마운틴,하이마운틴의 잔해,260,4630,3028,14019640,4.499998,40,105,0,0
993245001,다람쥐소탕임무,왕초보사냥터입구,1,1287,325,418275,1.0,6,5,128,128
993250000,앵글러 컴퍼니,상층 구역 <1>,270,4176,4353,18178128,2.2,40,45,0,0
993250200,앵글러 컴퍼니,상층 구역 <1>,270,4176,4431,18503856,2.2,40,45,0,0
993250400,앵글러 컴퍼니,상층 구역 <1>,270,4176,4428,18491328,2.2,40,45,0,0
993250600,앵글러 컴퍼니,상층 구역 <2>,270,4213,1630,6867190,2.2,40,66,0,0
993250800,앵글러 컴퍼니,상층 구역 <1>,270,8323,2511,20899053,1.0,40,76,0,0
993252000,앵글러 컴퍼니,하층 구역 <1>,270,4196,4945,20749220,2.2,40,50,0,0
993252200,앵글러 컴퍼니,하층 구역 <1>,270,4196,5091,21361836,2.2,40,50,0,0
993252400,앵글러 컴퍼니,하층 구역 <1>,270,4196,4677,19624692,2.2,40,50,0,0
993252600,앵글러 컴퍼니,상층 구역 <2>,270,4213,1630,6867190,2.2,40,59,0,0
993252800,앵글러 컴퍼니,하층 구역 <3>,270,8348,2578,21521144,1.0,40,81,0,0
993254000,앵글러 컴퍼니,상층 구역 <1>,270,4176,4351,18169776,2.2,40,45,0,0
993254100,앵글러 컴퍼니,상층 구역 <2>,270,4213,1630,6867190,2.2,40,66,0,0
993254300,앵글러 컴퍼니,하층 구역 <1>,270,4196,4945,20749220,2.2,40,50,0,0
993254400,앵글러 컴퍼니,하층 구역 <2>,270,4081,1649,6729569,2.2,40,59,0,0
993263050,탈라하트,재와 침묵의 땅 어딘가,290,2959,1614,4775826,0.8,21,11,0,0
993263060,탈라하트,도시로 향하는 다리,0,1508,1282,1933256,2.899999,28,10,0,0
993263070,탈라하트,섭리와 운명의 전쟁터 어딘가,290,2967,1640,4865880,1.0,27,1,0,0
993263080,탈라하트,밤과 환영의 성소,290,2700,1631,4403700,1.0,24,1,0,0
993263090,탈라하트,밤과 환영의 성소,290,2700,1631,4403700,1.0,24,1,0,0
993267310,탈라하트,재와 침묵의 땅 어딘가,0,2960,1054,3119840,2.5,34,40,0,0
993267410,기어드락,지하 4층,296,2280,1541,3513480,2.4,40,43,0,0
993270000,악몽선경,버려진 사당,280,3960,1325,5247000,2.2,40,47,0,0
993270200,악몽선경,버려진 사당,280,3960,1180,4672800,2.2,40,45,0,0
993270400,악몽선경,버려진 사당,280,3960,1325,5247000,2.2,40,48,0,0
993270600,악몽선경,사원으로 가는 길,280,29243,1450,42402350,1.0,40,66,0,0
993271000,악몽선경,마천령,280,1311,7920,10383120,4.499998,40,99,0,0
993274000,악몽선경,버려진 사당 <1>,280,3960,1325,5247000,2.2,40,44,0,0
993274100,악몽선경,버려진 사당 <2>,280,3960,1180,4672800,2.2,40,45,0,0
993274200,악몽선경,사원으로 가는 길,280,29243,1450,42402350,1.0,40,57,0,0
993274400,악몽선경,마천령,280,1311,7920,10383120,4.499998,40,95,0,0
993276100,프리미엄로드,헤네시스사냥터1,3,2198,1650,3626700,1.699998,35,34,0,0
993276200,프리미엄로드,남쪽숲나무던전1,9,780,1991,1552980,1.699998,16,36,0,0
993276300,프리미엄로드,돼지의 해안가,14,3368,1110,3738480,2.199998,38,38,0,0
993276400,프리미엄로드,개미굴1,18,3170,2420,7671400,0.7999982,39,38,0,0
993277400,넥서스 타워 - 델타 3,EV 14호 <노멀>,101,1060,560,593600,1.0,4,2,0,0
993278000,넥서스 타워 - 델타 3,EV 14호 <하드>,101,1060,560,593600,1.0,4,2,0,0
993290500,몽환의 시련,악몽의 시계탑,1,760,330,250800,1.0,3,1,0,0
993290900,몽환의 시련,북쪽정원,1,1579,330,521070,0.3999999,2,1,0,0
993291200,몽환의 시련,자쿰의 제단 입구,1,1310,458,599980,0.8,4,1,0,0
993292100,몽환의 시련,요정의 숲 외곽,101,1561,626,977186,0.3999999,2,2,0,0
993295200,몽환의 시련,요정의 숲 외곽 <나이트메어>,101,1561,626,977186,0.3999999,2,2,0,0
993295500,악몽의 숲,숲의 가장 깊은 곳,200,1360,584,794240,1.0,6,1,0,0
993297200,금역의 저편,잊혀진 성자의 다리 <노멀>,101,2140,762,1630680,1.0,10,2,0,0
993298200,금역의 저편,잊혀진 성자의 다리 <하드>,101,2140,762,1630680,1.0,10,2,0,0
993299000,메이플 용사 진,석촌호수 뒷골목,101,1480,626,926480,0.3999999,2,2,0,0
993299500,입장 준비,월드 베스트 펀치킹,101,1658,330,547140,1.0,7,2,0,0
993299730,헤네시스,꿈꾸는 오솔길,10,2480,1320,3273600,1.3,21,12,0,0
993299940,울티마 폴리스,오리엔스 대시장,100,3250,1028,3341000,0.8,12,10,0,0
993301200,스펙터 블래스트,심상 공간 : 적막한 심상,2,2454,1129,2770566,3.299999,40,13,222,222
993301300,스펙터 블래스트,심상 공간 : 심상이 요동치는 곳,7,2326,1012,2353912,3.299999,35,18,1542,1542
993301400,스펙터 블래스트,심상 공간 : 견고한 심상,14,2354,1398,3290892,3.299999,40,13,11391,11391
993301500,스펙터 블래스트,심상 공간 : 흉포한 심상,21,4175,1051,4387925,3.299999,40,11,46114,46114
